Date,Stock,Sector,Weight,Stock_Return,Weighted_Return,Portfolio_Return,NAV,Portfolio_Value,Holding_Value,Is_Rebalance,Expected_Sharpe,Solver
2026-04-21,TRGP,Energy,0.37608272800368336,0.004924166268858832,0.0018518938835361484,0.0030199505649333032,1.0030199505649333,100301.99505649334,37721.84792505798,True,0.2686765548722788,scipy_fallback
2026-04-21,TRV,Financials,0.15165601276656518,0.0021277957414231885,0.0003226930181259181,0.0030199505649333032,1.0030199505649333,100301.99505649334,15211.400642799512,True,0.2686765548722788,scipy_fallback
2026-04-21,MPC,Energy,0.12226125922975134,0.02909588406721908,0.003557299424461064,0.0030199505649333032,1.0030199505649333,100301.99505649334,12263.04821886317,True,0.2686765548722788,scipy_fallback
2026-04-21,INTC,Technology,0.05000000000000001,0.008523671445973546,0.0004261835722986774,0.0030199505649333032,1.0030199505649333,100301.99505649334,5015.099752824668,True,0.2686765548722788,scipy_fallback
2026-04-21,KO,ConsumerStaples,0.05000000000000001,-0.010333885890271954,-0.0005166942945135978,0.0030199505649333032,1.0030199505649333,100301.99505649334,5015.099752824668,True,0.2686765548722788,scipy_fallback
2026-04-21,JNJ,Healthcare,0.05,-0.019636820470699923,-0.0009818410235349962,0.0030199505649333032,1.0030199505649333,100301.99505649334,5015.099752824667,True,0.2686765548722788,scipy_fallback
2026-04-21,LRCX,Technology,0.05,-0.018201879830093137,-0.0009100939915046569,0.0030199505649333032,1.0030199505649333,100301.99505649334,5015.099752824667,True,0.2686765548722788,scipy_fallback
2026-04-21,JPM,Financials,0.05,-0.012587150870674635,-0.0006293575435337318,0.0030199505649333032,1.0030199505649333,100301.99505649334,5015.099752824667,True,0.2686765548722788,scipy_fallback
2026-04-21,AMGN,Healthcare,0.05,-0.015136000811172612,-0.0007568000405586306,0.0030199505649333032,1.0030199505649333,100301.99505649334,5015.099752824667,True,0.2686765548722788,scipy_fallback
2026-04-21,WMT,ConsumerStaples,0.05,0.013133351203142185,0.0006566675601571093,0.0030199505649333032,1.0030199505649333,100301.99505649334,5015.099752824667,True,0.2686765548722788,scipy_fallback
2026-04-22,TRGP,Energy,0.26446475312723594,0.017537116339984227,0.004637949143417544,0.0067003647658456875,1.009740550101139,100974.0550101139,26704.07853050571,True,0.3126810272653316,scipy_fallback
2026-04-22,TRV,Financials,0.18837269820675184,0.0008625529301957702,0.0001624814228071173,0.0067003647658456875,1.009740550101139,100974.0550101139,19020.755191132142,True,0.3126810272653316,scipy_fallback
2026-04-22,MPC,Energy,0.13998604384232202,0.0078057132557092235,0.0010926909180343056,0.0067003647658456875,1.009740550101139,100974.0550101139,14134.95849158284,True,0.3126810272653316,scipy_fallback
2026-04-22,INTC,Technology,0.09339061138989974,-0.014941223381318536,-0.0013953699864944031,0.0067003647658456875,1.009740550101139,100974.0550101139,9430.028731911905,True,0.3126810272653316,scipy_fallback
2026-04-22,MO,ConsumerStaples,0.06378589343379046,0.008198034949190802,0.0005229189836355743,0.0067003647658456875,1.009740550101139,100974.0550101139,6440.7203124528205,True,0.3126810272653316,scipy_fallback
2026-04-22,JNJ,Healthcare,0.05000000000000001,-0.00026519747221598333,-1.325987361079917e-05,0.0067003647658456875,1.009740550101139,100974.0550101139,5048.702750505696,True,0.3126810272653316,scipy_fallback
2026-04-22,LRCX,Technology,0.05000000000000001,0.02778959051415586,0.0013894795257077932,0.0067003647658456875,1.009740550101139,100974.0550101139,5048.702750505696,True,0.3126810272653316,scipy_fallback
2026-04-22,JPM,Financials,0.05,6.385654138285624e-05,3.192827069142812e-06,0.0067003647658456875,1.009740550101139,100974.0550101139,5048.702750505695,True,0.3126810272653316,scipy_fallback
2026-04-22,AMGN,Healthcare,0.05,0.0030737599247676606,0.00015368799623838303,0.0067003647658456875,1.009740550101139,100974.0550101139,5048.702750505695,True,0.3126810272653316,scipy_fallback
2026-04-22,WMT,ConsumerStaples,0.05,0.0029318761808205807,0.00014659380904102903,0.0067003647658456875,1.009740550101139,100974.0550101139,5048.702750505695,True,0.3126810272653316,scipy_fallback
2026-04-23,TRGP,Energy,0.2882837213547456,0.013433019414379466,0.003872520825807858,0.011125439474971837,1.0209743574767138,102097.43574767138,29433.02871811574,True,0.33231684850529913,scipy_fallback
2026-04-23,TRV,Financials,0.1673797127403531,0.018728431826632752,0.0031347595392190765,0.011125439474971837,1.0209743574767138,102097.43574767138,17089.03946697189,True,0.33231684850529913,scipy_fallback
2026-04-23,MPC,Energy,0.1458939007911428,-0.004367971382127633,-0.0006372603834826799,0.011125439474971837,1.0209743574767138,102097.43574767138,14895.393162000846,True,0.33231684850529913,scipy_fallback
2026-04-23,INTC,Technology,0.09835156506456383,0.023134705284083568,0.002275334471997054,0.011125439474971837,1.0209743574767138,102097.43574767138,10041.442594862227,True,0.33231684850529913,scipy_fallback
2026-04-23,MO,ConsumerStaples,0.05009110004919467,0.03022400534938141,0.0015139536758432591,0.011125439474971837,1.0209743574767138,102097.43574767138,5114.1728688028315,True,0.33231684850529913,scipy_fallback
2026-04-23,WMT,ConsumerStaples,0.05000000000000001,0.01577170134252759,0.0007885850671263796,0.011125439474971837,1.0209743574767138,102097.43574767138,5104.871787383569,True,0.33231684850529913,scipy_fallback
2026-04-23,MU,Technology,0.05,-0.011815890376787985,-0.0005907945188393993,0.011125439474971837,1.0209743574767138,102097.43574767138,5104.871787383569,True,0.33231684850529913,scipy_fallback
2026-04-23,JNJ,Healthcare,0.05,0.020123793923259248,0.0010061896961629623,0.011125439474971837,1.0209743574767138,102097.43574767138,5104.871787383569,True,0.33231684850529913,scipy_fallback
2026-04-23,MS,Financials,0.05,-0.012562222726214656,-0.0006281111363107329,0.011125439474971837,1.0209743574767138,102097.43574767138,5104.871787383569,True,0.33231684850529913,scipy_fallback
2026-04-23,AMGN,Healthcare,0.05,0.00780524474896116,0.000390262237448058,0.011125439474971837,1.0209743574767138,102097.43574767138,5104.871787383569,True,0.33231684850529913,scipy_fallback
2026-04-24,TRV,Financials,0.2848718474407609,-0.014967544123303145,-0.00426383194605647,0.015328859322709281,1.0366247297745679,103662.47297745678,29530.520187366066,True,0.3440341888918826,scipy_fallback
2026-04-24,TRGP,Energy,0.21306376962123014,0.003251238480648011,0.0006927211266244661,0.015328859322709281,1.0366247297745679,103662.47297745678,22086.717260835845,True,0.3440341888918826,scipy_fallback
2026-04-24,MPC,Energy,0.10733962230046012,0.01374943367726944,0.0014758590177633283,0.015328859322709281,1.0366247297745679,103662.47297745678,11127.090696131865,True,0.3440341888918826,scipy_fallback
2026-04-24,MO,ConsumerStaples,0.08780497725199138,-0.004020981601733364,-0.0003530621980708739,0.015328859322709281,1.0366247297745679,103662.47297745678,9102.081081670764,True,0.3440341888918826,scipy_fallback
2026-04-24,INTC,Technology,0.05691978338555747,0.2359988383395475,0.013433002757530238,0.015328859322709281,1.0366247297745679,103662.47297745678,5900.445507088045,True,0.3440341888918826,scipy_fallback
2026-04-24,WMT,ConsumerStaples,0.050000000000000024,-0.01598110870849534,-0.0007990554354247673,0.015328859322709281,1.0366247297745679,103662.47297745678,5183.123648872842,True,0.3440341888918826,scipy_fallback
2026-04-24,JPM,Financials,0.05000000000000001,-0.010940380150622708,-0.0005470190075311355,0.015328859322709281,1.0366247297745679,103662.47297745678,5183.12364887284,True,0.3440341888918826,scipy_fallback
2026-04-24,CVS,Healthcare,0.05000000000000001,-0.0116662156347771,-0.000583310781738855,0.015328859322709281,1.0366247297745679,103662.47297745678,5183.12364887284,True,0.3440341888918826,scipy_fallback
2026-04-24,JNJ,Healthcare,0.05,-0.013657082729020109,-0.0006828541364510055,0.015328859322709281,1.0366247297745679,103662.47297745678,5183.123648872839,True,0.3440341888918826,scipy_fallback
2026-04-24,AMD,Technology,0.05,0.1391281985212871,0.006956409926064356,0.015328859322709281,1.0366247297745679,103662.47297745678,5183.123648872839,True,0.3440341888918826,scipy_fallback
2026-04-27,TRV,Financials,0.25646968889723637,0.0033362455013505876,0.0008556458458161896,0.0010971655207985369,1.0377620786860837,103776.20786860837,26615.45174699692,True,0.34435673051184496,scipy_fallback
2026-04-27,TRGP,Energy,0.19215039800023725,0.002492778897962733,0.00047898845737013196,0.0010971655207985369,1.0377620786860837,103776.20786860837,19940.63964490845,True,0.34435673051184496,scipy_fallback
2026-04-27,MPC,Energy,0.12940590496864662,0.013696778112235686,0.0017724439667686103,0.0010971655207985369,1.0377620786860837,103776.20786860837,13429.254093451653,True,0.34435673051184496,scipy_fallback
2026-04-27,MO,ConsumerStaples,0.10549269699606152,-0.013157856042418703,-0.0013880577206006734,0.0010971655207985369,1.0377620786860837,103776.20786860837,10947.632052083398,True,0.34435673051184496,scipy_fallback
2026-04-27,INTC,Technology,0.06648131113781823,0.029682540841616367,0.0019733342330524946,0.0010971655207985369,1.0377620786860837,103776.20786860837,6899.178364015854,True,0.34435673051184496,scipy_fallback
2026-04-27,MS,Financials,0.05000000000000001,0.011219159675196488,0.0005609579837598245,0.0010971655207985369,1.0377620786860837,103776.20786860837,5188.81039343042,True,0.34435673051184496,scipy_fallback
2026-04-27,WMT,ConsumerStaples,0.05000000000000001,-0.0179342275224722,-0.0008967113761236102,0.0010971655207985369,1.0377620786860837,103776.20786860837,5188.81039343042,True,0.34435673051184496,scipy_fallback
2026-04-27,AMD,Technology,0.05,-0.03789423181707385,-0.0018947115908536927,0.0010971655207985369,1.0377620786860837,103776.20786860837,5188.810393430419,True,0.34435673051184496,scipy_fallback
2026-04-27,CVS,Healthcare,0.05,0.005388708797962716,0.0002694354398981358,0.0010971655207985369,1.0377620786860837,103776.20786860837,5188.810393430419,True,0.34435673051184496,scipy_fallback
2026-04-27,AMGN,Healthcare,0.05,-0.012683194365777473,-0.0006341597182888737,0.0010971655207985369,1.0377620786860837,103776.20786860837,5188.810393430419,True,0.34435673051184496,scipy_fallback
2026-04-28,TRV,Financials,0.21470839699330996,0.020675571264045622,0.0044392187630241785,0.015079039680807595,1.0534105342498286,105341.05342498285,22617.60871846469,True,0.3533970804681435,scipy_fallback
2026-04-28,MO,ConsumerStaples,0.19429446705488582,0.027272835635869574,0.005298961064946777,0.015079039680807595,1.0534105342498286,105341.05342498285,20467.183834207295,True,0.3533970804681435,scipy_fallback
2026-04-28,TRGP,Energy,0.16230335397287865,0.029342312828825268,0.0047623557854397655,0.015079039680807595,1.0534105342498286,105341.05342498285,17097.206281910912,True,0.3533970804681435,scipy_fallback
2026-04-28,VLO,Energy,0.11732959259939157,0.00847845654610957,0.0009947738524266805,0.015079039680807595,1.0534105342498286,105341.05342498285,12359.62288234398,True,0.3533970804681435,scipy_fallback
2026-04-28,INTC,Technology,0.06136418937953401,-0.005530076862179545,-0.00033934868385416476,0.015079039680807595,1.0534105342498286,105341.05342498285,6464.168351810257,True,0.3533970804681435,scipy_fallback
2026-04-28,CVS,Healthcare,0.05000000000000002,0.03343545651786939,0.00167177282589347,0.015079039680807595,1.0534105342498286,105341.05342498285,5267.052671249145,True,0.3533970804681435,scipy_fallback
2026-04-28,AMD,Technology,0.05000000000000001,-0.03412728464601866,-0.0017063642323009334,0.015079039680807595,1.0534105342498286,105341.05342498285,5267.052671249144,True,0.3533970804681435,scipy_fallback
2026-04-28,MS,Financials,0.05,0.000946537655287516,4.73268827643758e-05,0.015079039680807595,1.0534105342498286,105341.05342498285,5267.052671249143,True,0.3533970804681435,scipy_fallback
2026-04-28,AMGN,Healthcare,0.05,-0.0017931315506510836,-8.96565775325542e-05,0.015079039680807595,1.0534105342498286,105341.05342498285,5267.052671249143,True,0.3533970804681435,scipy_fallback
2026-04-28,WMT,ConsumerStaples,0.05,0.0,0.0,0.015079039680807595,1.0534105342498286,105341.05342498285,5267.052671249143,True,0.3533970804681435,scipy_fallback
2026-04-29,TRGP,Energy,0.21701919985682022,0.007126502080501584,0.0015465877792884184,0.01753184072423557,1.0718787599535284,107187.87599535285,23261.827082863543,True,0.3793991112302729,scipy_fallback
2026-04-29,TRV,Financials,0.20118102457176903,-0.02506285476690473,-0.005042170800699339,0.01753184072423557,1.0718787599535284,107187.87599535285,21564.166714416813,True,0.3793991112302729,scipy_fallback
2026-04-29,MPC,Energy,0.1322645774312546,0.0396405794712722,0.005243044492897884,0.01753184072423557,1.0718787599535284,107187.87599535285,14177.159124279064,True,0.3793991112302729,scipy_fallback
2026-04-29,MO,ConsumerStaples,0.10156269355739082,0.0058995602278923975,0.0005991752275488064,0.01753184072423557,1.0718787599535284,107187.87599535285,10886.28940278363,True,0.3793991112302729,scipy_fallback
2026-04-29,INTC,Technology,0.09797250458276523,0.12103648560394031,0.01185824764051384,0.01753184072423557,1.0718787599535284,107187.87599535285,10501.464672171578,True,0.3793991112302729,scipy_fallback
2026-04-29,AMD,Technology,0.05000000000000001,0.04300607736136852,0.0021503038680684267,0.01753184072423557,1.0718787599535284,107187.87599535285,5359.393799767644,True,0.3793991112302729,scipy_fallback
2026-04-29,JNJ,Healthcare,0.05,-0.0019315872813406854,-9.657936406703428e-05,0.01753184072423557,1.0718787599535284,107187.87599535285,5359.393799767643,True,0.3793991112302729,scipy_fallback
2026-04-29,MS,Financials,0.05,-0.01723054757728726,-0.000861527378864363,0.01753184072423557,1.0718787599535284,107187.87599535285,5359.393799767643,True,0.3793991112302729,scipy_fallback
2026-04-29,KO,ConsumerStaples,0.05,0.006636933446697801,0.0003318466723348901,0.01753184072423557,1.0718787599535284,107187.87599535285,5359.393799767643,True,0.3793991112302729,scipy_fallback
2026-04-29,CVS,Healthcare,0.05,0.0360582517442809,0.001802912587214045,0.01753184072423557,1.0718787599535284,107187.87599535285,5359.393799767643,True,0.3793991112302729,scipy_fallback
2026-04-30,TRGP,Energy,0.23941926123901133,0.04495957659597094,0.010764188614226107,0.023045272914970716,1.096580498508418,109658.0498508418,26254.24928419922,True,0.38986131814200103,scipy_fallback
2026-04-30,VLO,Energy,0.16088360354909068,0.005093452328968073,0.0008194529651898921,0.023045272914970716,1.096580498508418,109658.0498508418,17642.182218169255,True,0.38986131814200103,scipy_fallback
2026-04-30,TRV,Financials,0.16045479811698732,0.009561627499201641,0.0015342090100542336,0.023045272914970716,1.096580498508418,109658.0498508418,17595.160250719353,True,0.38986131814200103,scipy_fallback
2026-04-30,INTC,Technology,0.10270760916762632,-0.0028495687922576174,-0.0002926723978114603,0.023045272914970716,1.096580498508418,109658.0498508418,11262.716126164343,True,0.38986131814200103,scipy_fallback
2026-04-30,MO,ConsumerStaples,0.08653472792728428,0.06524936200411058,0.0056463357884545895,0.023045272914970716,1.096580498508418,109658.0498508418,9489.22950887917,True,0.38986131814200103,scipy_fallback
2026-04-30,MS,Financials,0.05000000000000001,0.024236867934634088,0.0012118433967317046,0.023045272914970716,1.096580498508418,109658.0498508418,5482.902492542091,True,0.38986131814200103,scipy_fallback
2026-04-30,AMGN,Healthcare,0.05000000000000001,0.02434773809096824,0.0012173869045484123,0.023045272914970716,1.096580498508418,109658.0498508418,5482.902492542091,True,0.38986131814200103,scipy_fallback
2026-04-30,AMD,Technology,0.05,0.051555888695161034,0.002577794434758052,0.023045272914970716,1.096580498508418,109658.0498508418,5482.90249254209,True,0.38986131814200103,scipy_fallback
2026-04-30,KO,ConsumerStaples,0.05,-0.0013947534118865512,-6.973767059432756e-05,0.023045272914970716,1.096580498508418,109658.0498508418,5482.90249254209,True,0.38986131814200103,scipy_fallback
2026-04-30,CVS,Healthcare,0.05,-0.007270562611729758,-0.0003635281305864879,0.023045272914970716,1.096580498508418,109658.0498508418,5482.90249254209,True,0.38986131814200103,scipy_fallback
2026-05-01,TRGP,Energy,0.2748100854184688,-0.022300822318434887,-0.006128490886231187,-0.0004371791152149283,1.0961010964163183,109610.10964163183,30121.963593344575,True,0.383887020649959,scipy_fallback
2026-05-01,MO,ConsumerStaples,0.12948716711238306,0.026152769598983605,0.0033864480475152415,-0.0004371791152149283,1.0961010964163183,109610.10964163183,14193.102584372611,True,0.383887020649959,scipy_fallback
2026-05-01,MPC,Energy,0.12383550206210682,-0.008618934673396694,-0.0010673301025205804,-0.0004371791152149283,1.0961010964163183,109610.10964163183,13573.622958554053,True,0.383887020649959,scipy_fallback
2026-05-01,TRV,Financials,0.11176170683154746,-0.0013764611736470922,-0.00015383565015415404,-0.0004371791152149283,1.0961010964163183,109610.10964163183,12250.21293954183,True,0.383887020649959,scipy_fallback
2026-05-01,INTC,Technology,0.11010553857549384,0.05440303987109485,0.005990076005150963,-0.0004371791152149283,1.0961010964163183,109610.10964163183,12068.680155410802,True,0.383887020649959,scipy_fallback
2026-05-01,AMD,Technology,0.05000000000000001,0.017066824105659073,0.0008533412052829538,-0.0004371791152149283,1.0961010964163183,109610.10964163183,5480.505482081593,True,0.383887020649959,scipy_fallback
2026-05-01,MS,Financials,0.05,-0.0022036487315978404,-0.00011018243657989203,-0.0004371791152149283,1.0961010964163183,109610.10964163183,5480.505482081592,True,0.383887020649959,scipy_fallback
2026-05-01,KO,ConsumerStaples,0.05,-0.00228536883373609,-0.0001142684416868045,-0.0004371791152149283,1.0961010964163183,109610.10964163183,5480.505482081592,True,0.383887020649959,scipy_fallback
2026-05-01,CVS,Healthcare,0.05,-0.014407525436376023,-0.0007203762718188012,-0.0004371791152149283,1.0961010964163183,109610.10964163183,5480.505482081592,True,0.383887020649959,scipy_fallback
2026-05-01,AMGN,Healthcare,0.05,-0.04745121168345334,-0.0023725605841726674,-0.0004371791152149283,1.0961010964163183,109610.10964163183,5480.505482081592,True,0.383887020649959,scipy_fallback
2026-05-04,TRGP,Energy,0.2186287396957862,0.018483660505848487,0.004041059401358433,-0.006426963225320652,1.089056494978417,108905.64949784169,23809.90489546416,True,0.3865437804682291,scipy_fallback
2026-05-04,MO,ConsumerStaples,0.17254386763280702,-0.015291740396044973,-0.002638496030770432,-0.006426963225320652,1.089056494978417,108905.64949784169,18791.00197142047,True,0.3865437804682291,scipy_fallback
2026-05-04,TRV,Financials,0.1484865819325995,-0.010468621683952573,-0.0015544498513956114,-0.006426963225320652,1.089056494978417,108905.64949784169,16171.027647084235,True,0.3865437804682291,scipy_fallback
2026-05-04,MPC,Energy,0.08801663307443112,0.025959738734746995,0.002284888798924323,-0.006426963225320652,1.089056494978417,108905.64949784169,9585.508591584136,True,0.3865437804682291,scipy_fallback
2026-05-04,INTC,Technology,0.0878247645789773,-0.0385465153725556,-0.003385338637934625,-0.006426963225320652,1.089056494978417,108905.64949784169,9564.613028468564,True,0.3865437804682291,scipy_fallback
2026-05-04,AMD,Technology,0.08449941308539889,-0.05269872843427492,-0.004453011623043053,-0.006426963225320652,1.089056494978417,108905.64949784169,9202.463464251789,True,0.3865437804682291,scipy_fallback
2026-05-04,CVS,Healthcare,0.050000000000000024,-0.0009745175034883147,-4.872587517441576e-05,-0.006426963225320652,1.089056494978417,108905.64949784169,5445.282474892087,True,0.3865437804682291,scipy_fallback
2026-05-04,MS,Financials,0.05000000000000001,-0.01135827577334958,-0.0005679137886674791,-0.006426963225320652,1.089056494978417,108905.64949784169,5445.282474892086,True,0.3865437804682291,scipy_fallback
2026-05-04,ABBV,Healthcare,0.05,0.007550852440615818,0.00037754262203079094,-0.006426963225320652,1.089056494978417,108905.64949784169,5445.282474892085,True,0.3865437804682291,scipy_fallback
2026-05-04,WMT,ConsumerStaples,0.05,-0.009650364812971657,-0.00048251824064858285,-0.006426963225320652,1.089056494978417,108905.64949784169,5445.282474892085,True,0.3865437804682291,scipy_fallback
2026-05-05,TRGP,Energy,0.31006712002899567,0.002857320102487071,0.0008859610151791209,0.02019969352652014,1.111055102410047,111105.5102410047,34450.16557978041,True,0.3709619342806624,scipy_fallback
2026-05-05,MO,ConsumerStaples,0.15102700330638563,-0.008445760937243807,-0.0012755379649940632,0.02019969352652014,1.111055102410047,111105.5102410047,16779.93226252588,True,0.3709619342806624,scipy_fallback
2026-05-05,INTC,Technology,0.11038946886407343,0.1291501660496559,0.014256818233928404,0.02019969352652014,1.111055102410047,111105.5102410047,12264.878263376379,True,0.3709619342806624,scipy_fallback
2026-05-05,MPC,Energy,0.10595176146352905,0.03155940752125863,0.003343774817622699,0.02019969352652014,1.111055102410047,111105.5102410047,11771.824518338613,True,0.3709619342806624,scipy_fallback
2026-05-05,AMD,Technology,0.07256464633701644,0.04017099278984926,0.0029149938848022487,0.02019969352652014,1.111055102410047,111105.5102410047,8062.3320567322635,True,0.3709619342806624,scipy_fallback
2026-05-05,ABBV,Healthcare,0.05000000000000001,-0.009848246203792654,-0.0004924123101896328,0.02019969352652014,1.111055102410047,111105.5102410047,5555.275512050236,True,0.3709619342806624,scipy_fallback
2026-05-05,WMT,ConsumerStaples,0.05000000000000001,0.003529351728542851,0.00017646758642714258,0.02019969352652014,1.111055102410047,111105.5102410047,5555.275512050236,True,0.3709619342806624,scipy_fallback
2026-05-05,MS,Financials,0.05,0.006595414644464448,0.00032977073222322244,0.02019969352652014,1.111055102410047,111105.5102410047,5555.275512050235,True,0.3709619342806624,scipy_fallback
2026-05-05,GS,Financials,0.05,0.017292702136372018,0.0008646351068186009,0.02019969352652014,1.111055102410047,111105.5102410047,5555.275512050235,True,0.3709619342806624,scipy_fallback
2026-05-05,CVS,Healthcare,0.05,-0.016095551505951988,-0.0008047775752975995,0.02019969352652014,1.111055102410047,111105.5102410047,5555.275512050235,True,0.3709619342806624,scipy_fallback
2026-05-06,TRGP,Energy,0.3271451130183328,-0.03935013217664651,-0.012873203438215358,0.004695613405825829,1.1162721876435349,111627.21876435349,36518.29909858658,True,0.3719107293591521,scipy_fallback
2026-05-06,INTC,Technology,0.14871307141875095,0.044937591694703904,0.006682807283081171,0.004695613405825829,1.1162721876435349,111627.21876435349,16600.426556379836,True,0.3719107293591521,scipy_fallback
2026-05-06,MPC,Energy,0.11422711257661292,-0.05654293299562596,-0.006458735972703248,0.004695613405825829,1.1162721876435349,111627.21876435349,12750.854884410004,True,0.3719107293591521,scipy_fallback
2026-05-06,AMD,Technology,0.08412655119994497,0.1861453669565576,0.01565976774390339,0.004695613405825829,1.1162721876435349,111627.21876435349,9390.81293468684,True,0.3719107293591521,scipy_fallback
2026-05-06,MO,ConsumerStaples,0.07578815178635831,-0.03599397819869288,-0.0027279170831174078,0.004695613405825829,1.1162721876435349,111627.21876435349,8460.020599201847,True,0.3719107293591521,scipy_fallback
2026-05-06,TRV,Financials,0.05000000000000001,0.0007963248242019993,3.9816241210099976e-05,0.004695613405825829,1.1162721876435349,111627.21876435349,5581.3609382176755,True,0.3719107293591521,scipy_fallback
2026-05-06,CVS,Healthcare,0.05000000000000001,0.07646545194111454,0.0038232725970557277,0.004695613405825829,1.1162721876435349,111627.21876435349,5581.3609382176755,True,0.3719107293591521,scipy_fallback
2026-05-06,MS,Financials,0.05,0.021664498814248034,0.0010832249407124017,0.004695613405825829,1.1162721876435349,111627.21876435349,5581.360938217675,True,0.3719107293591521,scipy_fallback
2026-05-06,ABBV,Healthcare,0.05,-0.005239946827352737,-0.0002619973413676369,0.004695613405825829,1.1162721876435349,111627.21876435349,5581.360938217675,True,0.3719107293591521,scipy_fallback
2026-05-06,WMT,ConsumerStaples,0.05,-0.005428431294666192,-0.0002714215647333096,0.004695613405825829,1.1162721876435349,111627.21876435349,5581.360938217675,True,0.3719107293591521,scipy_fallback
2026-05-07,TRGP,Energy,0.15865819566821227,0.011783610300003078,0.0018695663486558497,-0.012240169648051122,1.102608826693377,110260.88266933769,17493.792697101573,True,0.382021132081685,scipy_fallback
2026-05-07,MO,ConsumerStaples,0.14282138332821684,-0.016103750149534468,-0.0022999598731284917,-0.012240169648051122,1.102608826693377,110260.88266933769,15747.61178982502,True,0.382021132081685,scipy_fallback
2026-05-07,AMD,Technology,0.14048498339011584,-0.030684218286820997,-0.004310671896362736,-0.012240169648051122,1.102608826693377,110260.88266933769,15489.998270381417,True,0.382021132081685,scipy_fallback
2026-05-07,TRV,Financials,0.132389506444438,-0.00878665759227959,-0.001163261261938169,-0.012240169648051122,1.102608826693377,110260.88266933769,14597.383836721705,True,0.382021132081685,scipy_fallback
2026-05-07,MPC,Energy,0.13001729718377794,-0.014321806236209489,-0.0018620825376217333,-0.012240169648051122,1.102608826693377,110260.88266933769,14335.82194976495,True,0.382021132081685,scipy_fallback
2026-05-07,INTC,Technology,0.09562863398523909,-0.0299973393997629,-0.002868604589990918,-0.012240169648051122,1.102608826693377,110260.88266933769,10544.097591675485,True,0.382021132081685,scipy_fallback
2026-05-07,MS,Financials,0.05000000000000001,-0.016446893611854918,-0.000822344680592746,-0.012240169648051122,1.102608826693377,110260.88266933769,5513.044133466886,True,0.382021132081685,scipy_fallback
2026-05-07,ABBV,Healthcare,0.05,-0.011315346862661002,-0.0005657673431330501,-0.012240169648051122,1.102608826693377,110260.88266933769,5513.044133466885,True,0.382021132081685,scipy_fallback
2026-05-07,KO,ConsumerStaples,0.05,-0.010097286607709255,-0.0005048643303854627,-0.012240169648051122,1.102608826693377,110260.88266933769,5513.044133466885,True,0.382021132081685,scipy_fallback
2026-05-07,CVS,Healthcare,0.05,0.005756410328926709,0.00028782051644633545,-0.012240169648051122,1.102608826693377,110260.88266933769,5513.044133466885,True,0.382021132081685,scipy_fallback
2026-05-08,TRGP,Energy,0.2943690213491868,-0.01711299592235116,-0.005037535862015135,0.02402514524857957,1.1290991639070511,112909.91639070511,33237.18158855037,True,0.3787877242321331,scipy_fallback
2026-05-08,MO,ConsumerStaples,0.11369345763201637,-0.013325522384726174,-0.001515024714672351,0.02402514524857957,1.1290991639070511,112909.91639070511,12837.118795401142,True,0.3787877242321331,scipy_fallback
2026-05-08,AMD,Technology,0.10673105321392534,0.11440535661732598,0.012210604205081925,0.02402514524857957,1.1290991639070511,112909.91639070511,12050.994294676208,True,0.3787877242321331,scipy_fallback
2026-05-08,INTC,Technology,0.10393329837919575,0.13957302535134564,0.014506284889528459,0.02402514524857957,1.1290991639070511,112909.91639070511,11735.1000302052,True,0.3787877242321331,scipy_fallback
2026-05-08,TRV,Financials,0.08522387738991452,-0.0030107038447292345,-0.0002565838553205485,0.02402514524857957,1.1290991639070511,112909.91639070511,9622.620870586952,True,0.3787877242321331,scipy_fallback
2026-05-08,CVS,Healthcare,0.08036253645141715,0.0365155632290588,0.0029344832810392655,0.02402514524857957,1.1290991639070511,112909.91639070511,9073.727271674503,True,0.3787877242321331,scipy_fallback
2026-05-08,MPC,Energy,0.0656867555843442,0.010773592013490152,0.0007076823053555703,0.02402514524857957,1.1290991639070511,112909.91639070511,7416.686081004986,True,0.3787877242321331,scipy_fallback
2026-05-08,MS,Financials,0.05000000000000001,0.015354644881530932,0.0007677322440765468,0.02402514524857957,1.1290991639070511,112909.91639070511,5645.4958195352565,True,0.3787877242321331,scipy_fallback
2026-05-08,ABBV,Healthcare,0.05,-0.005722500460923374,-0.00028612502304616874,0.02402514524857957,1.1290991639070511,112909.91639070511,5645.495819535256,True,0.3787877242321331,scipy_fallback
2026-05-08,KO,ConsumerStaples,0.05,-0.0001274444289598442,-6.37222144799221e-06,0.02402514524857957,1.1290991639070511,112909.91639070511,5645.495819535256,True,0.3787877242321331,scipy_fallback
2026-05-11,TRGP,Energy,0.3179066877666932,0.020393332239731166,0.006483176704858653,0.015071017854313876,1.146115837565585,114611.58375655851,36435.78897174245,True,0.3784847057805046,scipy_fallback
2026-05-11,AMD,Technology,0.11368228743481024,0.007908798708686549,0.0008990903280649602,0.015071017854313876,1.146115837565585,114611.58375655851,13029.307007971913,True,0.3784847057805046,scipy_fallback
2026-05-11,INTC,Technology,0.11350784418913012,0.036183191952564364,0.004107076114417063,0.015071017854313876,1.146115837565585,114611.58375655851,13009.313791308881,True,0.3784847057805046,scipy_fallback
2026-05-11,MO,ConsumerStaples,0.0985967693805069,0.007193165314955063,0.0007092228616744857,0.015071017854313876,1.146115837565585,114611.58375655851,11300.331891980051,True,0.3784847057805046,scipy_fallback
2026-05-11,CVS,Healthcare,0.08973051118936864,0.018442811963568673,0.0016548829452604206,0.015071017854313876,1.146115837565585,114611.58375655851,10284.155998699134,True,0.3784847057805046,scipy_fallback
2026-05-11,MPC,Energy,0.06657590003949101,0.0310777079434581,0.0020690263775001625,0.015071017854313876,1.146115837565585,114611.58375655851,7630.369343544391,True,0.3784847057805046,scipy_fallback
2026-05-11,ABBV,Healthcare,0.05000000000000001,0.006102660630111334,0.00030513303150556673,0.015071017854313876,1.146115837565585,114611.58375655851,5730.579187827927,True,0.3784847057805046,scipy_fallback
2026-05-11,MS,Financials,0.05,-0.01030602297897798,-0.000515301148948899,0.015071017854313876,1.146115837565585,114611.58375655851,5730.579187827926,True,0.3784847057805046,scipy_fallback
2026-05-11,GS,Financials,0.05,0.00894831981527111,0.00044741599076355556,0.015071017854313876,1.146115837565585,114611.58375655851,5730.579187827926,True,0.3784847057805046,scipy_fallback
2026-05-11,WMT,ConsumerStaples,0.05,-0.021774107015641864,-0.0010887053507820932,0.015071017854313876,1.146115837565585,114611.58375655851,5730.579187827926,True,0.3784847057805046,scipy_fallback
2026-05-12,VLO,Energy,0.23155366501030492,-0.004070524412633003,-0.0009425448462590906,-0.0016551567222443057,1.1442188362325678,114421.88362325678,26494.806510347695,True,0.4245628885994353,scipy_fallback
2026-05-12,MO,ConsumerStaples,0.15271217195799042,0.018656220534684964,0.002849031958379002,-0.0016551567222443057,1.1442188362325678,114421.88362325678,17473.61436763196,True,0.4245628885994353,scipy_fallback
2026-05-12,AMD,Technology,0.12086707364764078,-0.0228862874178567,-0.00276619858685516,-0.0016551567222443057,1.1442188362325678,114421.88362325678,13829.83823479396,True,0.4245628885994353,scipy_fallback
2026-05-12,MS,Financials,0.10990545999789629,0.004081614301819858,0.0004485916973755038,-0.0016551567222443057,1.1442188362325678,114421.88362325678,12575.589753439794,True,0.4245628885994353,scipy_fallback
2026-05-12,CVS,Healthcare,0.0929309363310553,0.031771850149757475,0.0029525877833869417,-0.0016551567222443057,1.1442188362325678,114421.88362325678,10633.332781872296,True,0.4245628885994353,scipy_fallback
2026-05-12,INTC,Technology,0.09203069305511213,-0.06821694734633343,-0.006278052942387159,-0.0016551567222443057,1.1442188362325678,114421.88362325678,10530.325250519707,True,0.4245628885994353,scipy_fallback
2026-05-12,KO,ConsumerStaples,0.05000000000000001,0.01741668967019372,0.0008708344835096861,-0.0016551567222443057,1.1442188362325678,114421.88362325678,5721.09418116284,True,0.4245628885994353,scipy_fallback
2026-05-12,MPC,Energy,0.05,-0.0019406752688548856,-9.703376344274429e-05,-0.0016551567222443057,1.1442188362325678,114421.88362325678,5721.09418116284,True,0.4245628885994353,scipy_fallback
2026-05-12,GS,Financials,0.05,0.0011007631536241735,5.503815768120868e-05,-0.0016551567222443057,1.1442188362325678,114421.88362325678,5721.09418116284,True,0.4245628885994353,scipy_fallback
2026-05-12,ABBV,Healthcare,0.05,0.02505178672735009,0.0012525893363675045,-0.0016551567222443057,1.1442188362325678,114421.88362325678,5721.09418116284,True,0.4245628885994353,scipy_fallback
2026-05-13,VLO,Energy,0.22787414301351053,-0.012220690766755915,-0.002784779435507625,0.004320692449924448,1.1491626539193391,114916.26539193392,26186.44549450008,True,0.4087649266864578,scipy_fallback
2026-05-13,MO,ConsumerStaples,0.14152391152170785,0.023608469430908885,0.0033411629389028933,0.004320692449924448,1.1491626539193391,114916.26539193392,16263.399375733154,True,0.4087649266864578,scipy_fallback
2026-05-13,AMD,Technology,0.1404737426699292,-0.006223668812021521,-0.0008742620511627752,0.004320692449924448,1.1491626539193391,114916.26539193392,16142.717893255816,True,0.4087649266864578,scipy_fallback
2026-05-13,CVS,Healthcare,0.1250929912507368,0.031108778585152708,0.0038914901673736163,0.004320692449924448,1.1491626539193391,114916.26539193392,14375.219381240538,True,0.4087649266864578,scipy_fallback
2026-05-13,INTC,Technology,0.0901668523444449,-0.002653177126314965,-0.00023922863019210008,0.004320692449924448,1.1491626539193391,114916.26539193392,10361.63793356955,True,0.4087649266864578,scipy_fallback
2026-05-13,MS,Financials,0.07486835919967078,0.01016263608046053,0.0007608598884874532,0.004320692449924448,1.1491626539193391,114916.26539193392,8603.592235248005,True,0.4087649266864578,scipy_fallback
2026-05-13,KO,ConsumerStaples,0.05000000000000002,0.0028739706535705345,0.00014369853267852677,0.004320692449924448,1.1491626539193391,114916.26539193392,5745.813269596698,True,0.4087649266864578,scipy_fallback
2026-05-13,ABBV,Healthcare,0.05000000000000001,0.003079024778582573,0.0001539512389291287,0.004320692449924448,1.1491626539193391,114916.26539193392,5745.813269596697,True,0.4087649266864578,scipy_fallback
2026-05-13,MPC,Energy,0.05,-0.011508464892343362,-0.0005754232446171681,0.004320692449924448,1.1491626539193391,114916.26539193392,5745.813269596696,True,0.4087649266864578,scipy_fallback
2026-05-13,GS,Financials,0.05,0.01006446090064994,0.0005032230450324971,0.004320692449924448,1.1491626539193391,114916.26539193392,5745.813269596696,True,0.4087649266864578,scipy_fallback
2026-05-14,TRGP,Energy,0.3006620439115764,0.015913969679403284,0.004784726650556246,0.003733269546259072,1.1534527878589145,115345.27878589145,34679.94727531672,True,0.4466297052376661,scipy_fallback
2026-05-14,AMD,Technology,0.129924175938922,0.009427636828353014,0.0012248779459751976,0.003733269546259072,1.1534527878589145,115345.27878589145,14986.140294702169,True,0.4466297052376661,scipy_fallback
2026-05-14,MPC,Energy,0.11968431473345782,-0.0010839264540578597,-0.0001297289948753818,0.003733269546259072,1.1534527878589145,115345.27878589145,13805.020649229069,True,0.4466297052376661,scipy_fallback
2026-05-14,INTC,Technology,0.10668541714692957,-0.036245744261098944,-0.0038668923462962692,0.003733269546259072,1.1534527878589145,115345.27878589145,12305.659183201715,True,0.4466297052376661,scipy_fallback
2026-05-14,CVS,Healthcare,0.09304404826911415,-0.009784864281114025,-0.0009104233844787043,0.003733269546259072,1.1534527878589145,115345.27878589145,10732.191686968912,True,0.4466297052376661,scipy_fallback
2026-05-14,MO,ConsumerStaples,0.050000000000000024,0.012161003477981547,0.0006080501738990776,0.003733269546259072,1.1534527878589145,115345.27878589145,5767.263939294576,True,0.4466297052376661,scipy_fallback
2026-05-14,GS,Financials,0.05000000000000002,0.014171809608356734,0.000708590480417837,0.003733269546259072,1.1534527878589145,115345.27878589145,5767.263939294575,True,0.4466297052376661,scipy_fallback
2026-05-14,MS,Financials,0.05000000000000001,0.0036114079456674997,0.00018057039728337502,0.003733269546259072,1.1534527878589145,115345.27878589145,5767.263939294574,True,0.4466297052376661,scipy_fallback
2026-05-14,JNJ,Healthcare,0.05,0.0016492457650607584,8.246228825303792e-05,0.003733269546259072,1.1534527878589145,115345.27878589145,5767.263939294573,True,0.4466297052376661,scipy_fallback
2026-05-14,PM,ConsumerStaples,0.05,0.021020726710493154,0.0010510363355246577,0.003733269546259072,1.1534527878589145,115345.27878589145,5767.263939294573,True,0.4466297052376661,scipy_fallback
2026-05-15,TRGP,Energy,0.2752350989982185,0.016861043315670177,0.0046407509262017315,-0.0068376961196973075,1.1455658282071175,114556.58282071174,31529.992413556214,True,0.44547297075398984,scipy_fallback
2026-05-15,AMD,Technology,0.13686021916010532,-0.05692685214277915,-0.0077910214603556655,-0.0068376961196973075,1.1455658282071175,114556.58282071174,15678.239031075365,True,0.44547297075398984,scipy_fallback
2026-05-15,MPC,Energy,0.12377439231636389,0.02495779247694685,0.0030891355973920146,-0.0068376961196973075,1.1455658282071175,114556.58282071174,14179.171424472808,True,0.44547297075398984,scipy_fallback
2026-05-15,MO,ConsumerStaples,0.10043896433867511,0.00939094503643445,0.0009432167936208978,-0.0068376961196973075,1.1455658282071175,114556.58282071174,11505.944536689949,True,0.44547297075398984,scipy_fallback
2026-05-15,CVS,Healthcare,0.0909569838385977,-0.012969667958010023,-0.001179681878848696,-0.0068376961196973075,1.1455658282071175,114556.58282071174,10419.721252228457,True,0.44547297075398984,scipy_fallback
2026-05-15,INTC,Technology,0.07273434134803947,-0.0617614391724427,-0.004492177598914624,-0.0068376961196973075,1.1455658282071175,114556.58282071174,8332.197598546602,True,0.44547297075398984,scipy_fallback
2026-05-15,GS,Financials,0.05000000000000001,-0.021146438356059893,-0.0010573219178029948,-0.0068376961196973075,1.1455658282071175,114556.58282071174,5727.829141035589,True,0.44547297075398984,scipy_fallback
2026-05-15,MS,Financials,0.05,-0.010384083065723915,-0.0005192041532861958,-0.0068376961196973075,1.1455658282071175,114556.58282071174,5727.829141035588,True,0.44547297075398984,scipy_fallback
2026-05-15,ABBV,Healthcare,0.05,-0.001802936976168179,-9.014684880840896e-05,-0.0068376961196973075,1.1455658282071175,114556.58282071174,5727.829141035588,True,0.44547297075398984,scipy_fallback
2026-05-15,WMT,ConsumerStaples,0.05,-0.007624911577907345,-0.0003812455788953673,-0.0068376961196973075,1.1455658282071175,114556.58282071174,5727.829141035588,True,0.44547297075398984,scipy_fallback
2026-05-18,TRGP,Energy,0.3084227679356773,0.009963644668484095,0.0030730148673814186,0.005928272750862336,1.1523570548907967,115235.70548907967,35541.31525196247,True,0.44872270197215547,scipy_fallback
2026-05-18,MPC,Energy,0.135013665121282,0.017645012973787066,0.002382317872703563,0.005928272750862336,1.1523570548907967,115235.70548907967,15558.39495091728,True,0.44872270197215547,scipy_fallback
2026-05-18,AMD,Technology,0.09770293127174494,-0.007333213450559373,-0.0007164764497610379,0.005928272750862336,1.1523570548907967,115235.70548907967,11258.866213450592,True,0.44872270197215547,scipy_fallback
2026-05-18,CVS,Healthcare,0.09389784067353138,0.0010428173135532681,9.791829395962478e-05,0.005928272750862336,1.1523570548907967,115235.70548907967,10820.383913915588,True,0.44872270197215547,scipy_fallback
2026-05-18,WMT,ConsumerStaples,0.08856029893088446,0.014378064663416401,0.001273325704639743,0.005928272750862336,1.1523570548907967,115235.70548907967,10205.30852562426,True,0.44872270197215547,scipy_fallback
2026-05-18,INTC,Technology,0.06796561242202022,-0.005516213042554563,-0.00037491279768755634,0.005928272750862336,1.1523570548907967,115235.70548907967,7832.065296448857,True,0.44872270197215547,scipy_fallback
2026-05-18,MO,ConsumerStaples,0.056713838697354926,0.008619544623688302,0.0004888474634325113,0.005928272750862336,1.1523570548907967,115235.70548907967,6535.459213283562,True,0.44872270197215547,scipy_fallback
2026-05-18,MS,Financials,0.05172304494750484,0.0009351041840592877,4.836643574269838e-05,0.005928272750862336,1.1523570548907967,115235.70548907967,5960.341574569098,True,0.44872270197215547,scipy_fallback
2026-05-18,GS,Financials,0.05000000000000001,-0.002224583419962234,-0.00011122917099811171,0.005928272750862336,1.1523570548907967,115235.70548907967,5761.785274453985,True,0.44872270197215547,scipy_fallback
2026-05-18,ABBV,Healthcare,0.05,-0.004657989371010363,-0.00023289946855051813,0.005928272750862336,1.1523570548907967,115235.70548907967,5761.785274453984,True,0.44872270197215547,scipy_fallback
2026-05-19,TRGP,Energy,0.24014908787158967,0.005460498140564374,0.0013113336477810458,0.002172835356142178,1.154860937042563,115486.09370425632,27733.88006493009,True,0.4503256813241802,scipy_fallback
2026-05-19,MPC,Energy,0.18529284167903437,0.013447216010961105,0.002491672867342792,0.002172835356142178,1.154860937042563,115486.09370425632,21398.746476872893,True,0.4503256813241802,scipy_fallback
2026-05-19,AMD,Technology,0.11493600677801163,-0.01648495831823127,-0.0018947152809994684,0.002172835356142178,1.154860937042563,115486.09370425632,13273.51044875849,True,0.4503256813241802,scipy_fallback
2026-05-19,CVS,Healthcare,0.09496428542389444,-0.018856082458133194,-0.0017906543965306497,0.002172835356142178,1.154860937042563,115486.09370425632,10967.054365021615,True,0.4503256813241802,scipy_fallback
2026-05-19,INTC,Technology,0.0841137389919594,0.02431362602692122,0.0020451099935765624,0.002172835356142178,1.154860937042563,115486.09370425632,9713.967143040782,True,0.4503256813241802,scipy_fallback
2026-05-19,WMT,ConsumerStaples,0.08054403925551028,0.006449636945524695,0.0005194798113241304,0.002172835356142178,1.154860937042563,115486.09370425632,9301.716464781159,True,0.4503256813241802,scipy_fallback
2026-05-19,MO,ConsumerStaples,0.05000000000000002,0.0037981583664814522,0.00018990791832407267,0.002172835356142178,1.154860937042563,115486.09370425632,5774.304685212818,True,0.4503256813241802,scipy_fallback
2026-05-19,GS,Financials,0.05000000000000001,-0.018618671360186023,-0.0009309335680093014,0.002172835356142178,1.154860937042563,115486.09370425632,5774.304685212817,True,0.4503256813241802,scipy_fallback
2026-05-19,MS,Financials,0.05,-0.01613990224379369,-0.0008069951121896846,0.002172835356142178,1.154860937042563,115486.09370425632,5774.304685212816,True,0.4503256813241802,scipy_fallback
2026-05-19,ABBV,Healthcare,0.05,0.020772589510453576,0.0010386294755226789,0.002172835356142178,1.154860937042563,115486.09370425632,5774.304685212816,True,0.4503256813241802,scipy_fallback
2026-05-20,VLO,Energy,0.21748848449072047,-0.03369889615016264,-0.007329121852709047,0.0031461780024047955,1.1584943351185228,115849.43351185229,25195.91772360124,True,0.4686507013407374,scipy_fallback
2026-05-20,WMT,ConsumerStaples,0.20185848543593302,-0.024962713385091262,-0.005038935516285815,0.0031461780024047955,1.1584943351185228,115849.43351185229,23385.191187313325,True,0.4686507013407374,scipy_fallback
2026-05-20,MS,Financials,0.11043985221132653,0.043200725913273175,0.004771081785283913,0.0031461780024047955,1.1584943351185228,115849.43351185229,12794.394315814865,True,0.4686507013407374,scipy_fallback
2026-05-20,CVS,Healthcare,0.09838277635655965,-0.0095561706131716,-0.0009401625962607889,0.0031461780024047955,1.1584943351185228,115849.43351185229,11397.58890823069,True,0.4686507013407374,scipy_fallback
2026-05-20,AMD,Technology,0.08348609887076895,0.08098055734290321,0.006760750816939593,0.0031461780024047955,1.1584943351185228,115849.43351185229,9671.817260293074,True,0.4686507013407374,scipy_fallback
2026-05-20,MPC,Energy,0.07358227468796867,-0.013930165811671391,-0.0010250132872033544,0.0031461780024047955,1.1584943351185228,115849.43351185229,8524.464839114678,True,0.4686507013407374,scipy_fallback
2026-05-20,MO,ConsumerStaples,0.060900517254776326,-0.009054042632586912,-0.0005513958795713397,0.0031461780024047955,1.1584943351185228,115849.43351185229,7055.2904245446225,True,0.4686507013407374,scipy_fallback
2026-05-20,INTC,Technology,0.05386151069194648,0.07364617155202668,0.00396669405647041,0.0031461780024047955,1.1584943351185228,115849.43351185229,6239.825501754575,True,0.4686507013407374,scipy_fallback
2026-05-20,GS,Financials,0.05000000000000003,0.05747567653296093,0.002873783826648048,0.0031461780024047955,1.1584943351185228,115849.43351185229,5792.471675592617,True,0.4686507013407374,scipy_fallback
2026-05-20,ABBV,Healthcare,0.05,-0.0068300670181364875,-0.0003415033509068244,0.0031461780024047955,1.1584943351185228,115849.43351185229,5792.471675592615,True,0.4686507013407374,scipy_fallback
2026-05-21,TRGP,Energy,0.21679905094381724,-0.0016624283823202246,-0.0003604128955490901,-0.00998112630251348,1.1469312568389585,114693.12568389585,24865.36079804857,True,0.4619284617635639,scipy_fallback
2026-05-21,MPC,Energy,0.1950555097401896,-0.038471901893476046,-0.0075041564345065355,-0.00998112630251348,1.1469312568389585,114693.12568389585,22371.526093967936,True,0.4619284617635639,scipy_fallback
2026-05-21,MS,Financials,0.1068958591184872,0.013854433069476979,0.0014809815255613214,-0.00998112630251348,1.1469312568389585,114693.12568389585,12260.220204964677,True,0.4619284617635639,scipy_fallback
2026-05-21,CVS,Healthcare,0.0981593424845043,0.00042876533113811455,4.208732298466808e-05,-0.00998112630251348,1.1469312568389585,114693.12568389585,11258.201804623828,True,0.4619284617635639,scipy_fallback
2026-05-21,AMD,Technology,0.0884811852361541,0.004490839237514699,0.0003973547784403271,-0.00998112630251348,1.1469312568389585,114693.12568389585,10148.183698950292,True,0.4619284617635639,scipy_fallback
2026-05-21,INTC,Technology,0.07829713565270215,-0.003866838332320599,-0.0003027623654527745,-0.00998112630251348,1.1469312568389585,114693.12568389585,8980.14322010441,True,0.4619284617635639,scipy_fallback
2026-05-21,WMT,ConsumerStaples,0.06631191682414536,-0.0726786562796431,-0.0048194610101063426,-0.00998112630251348,1.1469312568389585,114693.12568389585,7605.521010651752,True,0.4619284617635639,scipy_fallback
2026-05-21,GS,Financials,0.05000000000000001,0.0061601258884422805,0.00030800629442211407,-0.00998112630251348,1.1469312568389585,114693.12568389585,5734.656284194793,True,0.4619284617635639,scipy_fallback
2026-05-21,MO,ConsumerStaples,0.05,0.005182050335472921,0.00025910251677364605,-0.00998112630251348,1.1469312568389585,114693.12568389585,5734.6562841947925,True,0.4619284617635639,scipy_fallback
2026-05-21,ABBV,Healthcare,0.05,0.010362679298383748,0.0005181339649191875,-0.00998112630251348,1.1469312568389585,114693.12568389585,5734.6562841947925,True,0.4619284617635639,scipy_fallback
2026-05-22,TRGP,Energy,0.31384536780185096,0.02408970119494347,0.007560441131763722,0.017802622009945226,1.1673496404758539,116734.96404758538,36636.72772685028,True,0.4442855954603477,scipy_fallback
2026-05-22,MPC,Energy,0.13996641412101843,0.025037245983623446,0.0035043735397936445,0.017802622009945226,1.1673496404758539,116734.96404758538,16338.974320286534,True,0.4442855954603477,scipy_fallback
2026-05-22,AMD,Technology,0.11652262147080639,0.039858567970152414,0.004644424827954478,0.017802622009945226,1.1673496404758539,116734.96404758538,13602.264028124984,True,0.4442855954603477,scipy_fallback
2026-05-22,MS,Financials,0.09838978779202912,0.0025933753232822987,0.0002551616477228303,0.017802622009945226,1.1673496404758539,116734.96404758538,11485.528340552073,True,0.4442855954603477,scipy_fallback
2026-05-22,INTC,Technology,0.07446532056942712,0.011307985973760593,0.0008420528005306679,0.017802622009945226,1.1673496404758539,116734.96404758538,8692.706519463994,True,0.4442855954603477,scipy_fallback
2026-05-22,CVS,Healthcare,0.0568104882448679,-0.000642872355328783,-3.6521892385356364e-05,0.017802622009945226,1.1673496404758539,116734.96404758538,6631.770302790426,True,0.4442855954603477,scipy_fallback
2026-05-22,MO,ConsumerStaples,0.05000000000000001,0.0025776675646682623,0.00012888337823341314,0.017802622009945226,1.1673496404758539,116734.96404758538,5836.74820237927,True,0.4442855954603477,scipy_fallback
2026-05-22,KO,ConsumerStaples,0.05000000000000001,0.0038192216678807345,0.00019096108339403676,0.017802622009945226,1.1673496404758539,116734.96404758538,5836.74820237927,True,0.4442855954603477,scipy_fallback
2026-05-22,GS,Financials,0.05,0.008662531819306318,0.00043312659096531595,0.017802622009945226,1.1673496404758539,116734.96404758538,5836.748202379269,True,0.4442855954603477,scipy_fallback
2026-05-22,ABBV,Healthcare,0.05,0.005594378039449399,0.00027971890197246995,0.017802622009945226,1.1673496404758539,116734.96404758538,5836.748202379269,True,0.4442855954603477,scipy_fallback
2026-05-26,TRGP,Energy,0.3488189379248477,-0.024787676013427462,-0.00864641082062899,-0.003647142419802939,1.1630921500833327,116309.21500833327,40570.856850079566,True,0.46332041383945805,scipy_fallback
2026-05-26,AMD,Technology,0.12337125964594485,0.0778165261125654,0.009600322847778753,-0.003647142419802939,1.1630921500833327,116309.21500833327,14349.214364009109,True,0.46332041383945805,scipy_fallback
2026-05-26,MPC,Energy,0.1111121316585439,-0.025917897496817166,-0.0028797928389789943,-0.003647142419802939,1.1630921500833327,116309.21500833327,12923.364811107816,True,0.46332041383945805,scipy_fallback
2026-05-26,MS,Financials,0.08622272938881724,0.0036313472733413565,0.00031310467326613114,-0.003647142419802939,1.1630921500833327,116309.21500833327,10028.49797108928,True,0.46332041383945805,scipy_fallback
2026-05-26,INTC,Technology,0.06532032096124815,0.030707613631762554,0.002005831178380729,-0.003647142419802939,1.1630921500833327,116309.21500833327,7597.35525509515,True,0.46332041383945805,scipy_fallback
2026-05-26,MO,ConsumerStaples,0.06515462042059808,-0.02070362892365485,-0.0013489370838496472,-0.003647142419802939,1.1630921500833327,116309.21500833327,7578.082755285684,True,0.46332041383945805,scipy_fallback
2026-05-26,GS,Financials,0.05000000000000001,-0.002217246386915561,-0.00011086231934577808,-0.003647142419802939,1.1630921500833327,116309.21500833327,5815.460750416664,True,0.46332041383945805,scipy_fallback
2026-05-26,KO,ConsumerStaples,0.05000000000000001,-0.012518421223524756,-0.0006259210611762379,-0.003647142419802939,1.1630921500833327,116309.21500833327,5815.460750416664,True,0.46332041383945805,scipy_fallback
2026-05-26,CVS,Healthcare,0.05000000000000001,-0.02712847378504979,-0.0013564236892524898,-0.003647142419802939,1.1630921500833327,116309.21500833327,5815.460750416664,True,0.46332041383945805,scipy_fallback
2026-05-26,ABBV,Healthcare,0.05,-0.01196106611992831,-0.0005980533059964156,-0.003647142419802939,1.1630921500833327,116309.21500833327,5815.460750416663,True,0.46332041383945805,scipy_fallback
2026-05-27,TRGP,Energy,0.21475038079098013,-0.023120549376607458,-0.0049651467827231096,-0.00868177209409403,1.1529944491118793,115299.44491118794,24760.599699666247,True,0.46763687823203437,scipy_fallback
2026-05-27,AMD,Technology,0.19470265495694117,-0.016571088651838872,-0.0032264349560398673,-0.00868177209409403,1.1529944491118793,115299.44491118794,22449.10803926987,True,0.46763687823203437,scipy_fallback
2026-05-27,MPC,Energy,0.18086705026549593,-0.00403144250042331,-0.0007291551133665194,-0.00868177209409403,1.1529944491118793,115299.44491118794,20853.870498335607,True,0.46763687823203437,scipy_fallback
2026-05-27,MS,Financials,0.08708368683546865,-0.0007434893352967764,-6.474579244049523e-05,-0.00868177209409403,1.1529944491118793,115299.44491118794,10040.700752949258,True,0.46763687823203437,scipy_fallback
2026-05-27,INTC,Technology,0.072596227151114,-0.014167746499029965,-0.0010285249430629793,-0.00868177209409403,1.1529944491118793,115299.44491118794,8370.304693169954,True,0.46763687823203437,scipy_fallback
2026-05-27,MO,ConsumerStaples,0.050000000000000044,-0.0035925663618688874,-0.00017962831809344452,-0.00868177209409403,1.1529944491118793,115299.44491118794,5764.972245559402,True,0.46763687823203437,scipy_fallback
2026-05-27,GS,Financials,0.05,0.001960646579764358,9.80323289882179e-05,-0.00868177209409403,1.1529944491118793,115299.44491118794,5764.972245559397,True,0.46763687823203437,scipy_fallback
2026-05-27,PM,ConsumerStaples,0.05,0.0028094072937121517,0.0001404703646856076,-0.00868177209409403,1.1529944491118793,115299.44491118794,5764.972245559397,True,0.46763687823203437,scipy_fallback
2026-05-27,ABBV,Healthcare,0.05,0.01069819637116809,0.0005349098185584045,-0.00868177209409403,1.1529944491118793,115299.44491118794,5764.972245559397,True,0.46763687823203437,scipy_fallback
2026-05-27,CVS,Healthcare,0.05,0.014769025988003115,0.0007384512994001558,-0.00868177209409403,1.1529944491118793,115299.44491118794,5764.972245559397,True,0.46763687823203437,scipy_fallback
2026-05-28,MS,Financials,0.19502702994641524,0.010812930952214694,0.0021088138086260955,0.010282962922749331,1.1648506482822327,116485.06482822327,22717.736226564022,True,0.4403423600420486,scipy_fallback
2026-05-28,MPC,Energy,0.17022464278448568,0.01732441876726143,0.0029490429961059167,0.010282962922749331,1.1648506482822327,116485.06482822327,19828.628550111964,True,0.4403423600420486,scipy_fallback
2026-05-28,TRGP,Energy,0.13974629611128295,-0.005765179108967899,-0.0008056624268964104,0.010282962922749331,1.1648506482822327,116485.06482822327,16278.35636202688,True,0.4403423600420486,scipy_fallback
2026-05-28,MO,ConsumerStaples,0.12332256642738514,-0.0019415342462704155,-0.00023943498605672644,0.010282962922749331,1.1648506482822327,116485.06482822327,14365.237145076828,True,0.4403423600420486,scipy_fallback
2026-05-28,AMD,Technology,0.12167946473043106,0.045505948907660576,0.005537139505134483,0.010282962922749331,1.1648506482822327,116485.06482822327,14173.84033738777,True,0.4403423600420486,scipy_fallback
2026-05-28,INTC,Technology,0.05,-0.007226716577790726,-0.00036133582888953634,0.010282962922749331,1.1648506482822327,116485.06482822327,5824.253241411164,True,0.4403423600420486,scipy_fallback
2026-05-28,GS,Financials,0.05,0.011942216116344273,0.0005971108058172137,0.010282962922749331,1.1648506482822327,116485.06482822327,5824.253241411164,True,0.4403423600420486,scipy_fallback
2026-05-28,ABBV,Healthcare,0.05,0.014995414393631501,0.000749770719681575,0.010282962922749331,1.1648506482822327,116485.06482822327,5824.253241411164,True,0.4403423600420486,scipy_fallback
2026-05-28,KO,ConsumerStaples,0.05,-0.014824890059725981,-0.0007412445029862992,0.010282962922749331,1.1648506482822327,116485.06482822327,5824.253241411164,True,0.4403423600420486,scipy_fallback
2026-05-28,CVS,Healthcare,0.05,0.009775256644260377,0.0004887628322130189,0.010282962922749331,1.1648506482822327,116485.06482822327,5824.253241411164,True,0.4403423600420486,scipy_fallback
2026-05-29,MS,Financials,0.2226290209310203,0.020658591658897052,0.0045992020348339935,-0.007770476938681287,1.1557992031827478,115579.92031827477,25731.444499742855,True,0.4660476679353338,scipy_fallback
2026-05-29,MO,ConsumerStaples,0.1781138710344304,-0.03320824065977923,-0.0059148482941562466,-0.007770476938681287,1.1557992031827478,115579.92031827477,20586.387021738938,True,0.4660476679353338,scipy_fallback
2026-05-29,MPC,Energy,0.17614899404468148,-0.010185809414309577,-0.0017942200818614783,-0.007770476938681287,1.1557992031827478,115579.92031827477,20359.286695828545,True,0.4660476679353338,scipy_fallback
2026-05-29,AMD,Technology,0.11662915276763294,-0.003841130240645252,-0.0004479877656365898,-0.007770476938681287,1.1557992031827478,115579.92031827477,13479.988183670912,True,0.4660476679353338,scipy_fallback
2026-05-29,KO,ConsumerStaples,0.05647896122223487,-0.017410754297908282,-0.000983341316841421,-0.007770476938681287,1.1557992031827478,115579.92031827477,6527.833837724837,True,0.4660476679353338,scipy_fallback
2026-05-29,CVS,Healthcare,0.05000000000000003,-0.02140480218172447,-0.001070240109086224,-0.007770476938681287,1.1557992031827478,115579.92031827477,5778.996015913742,True,0.4660476679353338,scipy_fallback
2026-05-29,INTC,Technology,0.05000000000000001,-0.05136900583857895,-0.002568450291928948,-0.007770476938681287,1.1557992031827478,115579.92031827477,5778.99601591374,True,0.4660476679353338,scipy_fallback
2026-05-29,PSX,Energy,0.05000000000000001,-0.0046969003166308365,-0.00023484501583154188,-0.007770476938681287,1.1557992031827478,115579.92031827477,5778.99601591374,True,0.4660476679353338,scipy_fallback
2026-05-29,GS,Financials,0.05,0.01704734252885509,0.0008523671264427546,-0.007770476938681287,1.1557992031827478,115579.92031827477,5778.996015913739,True,0.4660476679353338,scipy_fallback
2026-05-29,ABBV,Healthcare,0.05,-0.004162264492311718,-0.0002081132246155859,-0.007770476938681287,1.1557992031827478,115579.92031827477,5778.996015913739,True,0.4660476679353338,scipy_fallback
2026-06-01,MS,Financials,0.26809438737615116,0.014471122776873013,0.003879626795510838,0.005741707960591095,1.162435464668507,116243.54646685069,31164.242376461494,True,0.4448245376988199,scipy_fallback
2026-06-01,VLO,Energy,0.17708375578849944,0.03145164504471909,0.005569575430245604,0.005741707960591095,1.162435464668507,116243.54646685069,20584.843794524873,True,0.4448245376988199,scipy_fallback
2026-06-01,MO,ConsumerStaples,0.12824347830087326,-0.013365923605299979,-0.0017140925338474176,0.005741707960591095,1.162435464668507,116243.54646685069,14907.47672893812,True,0.4448245376988199,scipy_fallback
2026-06-01,AMD,Technology,0.1265783785344762,-0.011567469454628831,-0.0014641915273139992,0.005741707960591095,1.162435464668507,116243.54646685069,14713.919626871,True,0.4448245376988199,scipy_fallback
2026-06-01,KO,ConsumerStaples,0.050000000000000024,-0.004682881637646741,-0.00023414408188233716,0.005741707960591095,1.162435464668507,116243.54646685069,5812.177323342537,True,0.4448245376988199,scipy_fallback
2026-06-01,MPC,Energy,0.05000000000000002,0.039755525475568154,0.0019877762737784085,0.005741707960591095,1.162435464668507,116243.54646685069,5812.1773233425365,True,0.4448245376988199,scipy_fallback
2026-06-01,INTC,Technology,0.05,-0.046651538715418384,-0.0023325769357709194,0.005741707960591095,1.162435464668507,116243.54646685069,5812.177323342535,True,0.4448245376988199,scipy_fallback
2026-06-01,GS,Financials,0.05,0.02695237258848371,0.0013476186294241856,0.005741707960591095,1.162435464668507,116243.54646685069,5812.177323342535,True,0.4448245376988199,scipy_fallback
2026-06-01,ABBV,Healthcare,0.05,-0.0220008180605753,-0.001100040903028765,0.005741707960591095,1.162435464668507,116243.54646685069,5812.177323342535,True,0.4448245376988199,scipy_fallback
2026-06-01,CVS,Healthcare,0.05,-0.00395686373049009,-0.0001978431865245045,0.005741707960591095,1.162435464668507,116243.54646685069,5812.177323342535,True,0.4448245376988199,scipy_fallback
2026-06-02,MS,Financials,0.23929985676693424,0.01881423487047673,0.0045022437096845416,0.013730732392119624,1.1783965549569795,117839.65549569795,28199.012681585395,True,0.5403664300192228,scipy_fallback
2026-06-02,MPC,Energy,0.19353683788692413,0.017010808238764996,0.0032922180364314147,0.013730732392119624,1.1783965549569795,117839.65549569795,22806.314302321884,True,0.5403664300192228,scipy_fallback
2026-06-02,MO,ConsumerStaples,0.11885879898022778,0.008594174013172307,0.0010214932014327447,0.013730732392119624,1.1783965549569795,117839.65549569795,14006.279924462457,True,0.5403664300192228,scipy_fallback
2026-06-02,KO,ConsumerStaples,0.09948331855957736,-0.002924769307052877,-0.00029096575668681565,0.013730732392119624,1.1783965549569795,117839.65549569795,11723.079986629371,True,0.5403664300192228,scipy_fallback
2026-06-02,AMD,Technology,0.08452933507865969,0.022366794807830104,0.0018906502929466966,0.013730732392119624,1.1783965549569795,117839.65549569795,9960.907724949673,True,0.5403664300192228,scipy_fallback
2026-06-02,MU,Technology,0.06429185272767692,0.02761936786742747,0.0017757003313641788,0.013730732392119624,1.1783965549569795,117839.65549569795,7576.129776609597,True,0.5403664300192228,scipy_fallback
2026-06-02,GS,Financials,0.050000000000000024,0.015258708892336603,0.0007629354446168305,0.013730732392119624,1.1783965549569795,117839.65549569795,5891.9827747849,True,0.5403664300192228,scipy_fallback
2026-06-02,ABBV,Healthcare,0.050000000000000024,0.01160006654178658,0.0005800033270893293,0.013730732392119624,1.1783965549569795,117839.65549569795,5891.9827747849,True,0.5403664300192228,scipy_fallback
2026-06-02,TRGP,Energy,0.05000000000000001,0.016288429353610745,0.0008144214676805374,0.013730732392119624,1.1783965549569795,117839.65549569795,5891.9827747848985,True,0.5403664300192228,scipy_fallback
2026-06-02,CVS,Healthcare,0.05000000000000001,-0.012359353248796667,-0.0006179676624398335,0.013730732392119624,1.1783965549569795,117839.65549569795,5891.9827747848985,True,0.5403664300192228,scipy_fallback
2026-06-03,MS,Financials,0.2447895754532961,-0.022513671872351537,-0.005511112179527747,0.0033300505738992165,1.1823206750810946,118232.06750810947,28941.97761027556,True,0.5987248201668373,scipy_fallback
2026-06-03,MPC,Energy,0.1494976704323661,0.015775767843607236,0.0023584405419011132,0.0033300505738992165,1.1823206750810946,118232.06750810947,17675.41866286461,True,0.5987248201668373,scipy_fallback
2026-06-03,MO,ConsumerStaples,0.12271626699067807,0.015309156611338137,0.0018786825501190753,0.0033300505738992165,1.1823206750810946,118232.06750810947,14508.997963185035,True,0.5987248201668373,scipy_fallback
2026-06-03,TRGP,Energy,0.09779809270444206,-0.0023167062643527636,-0.00022656945401013323,0.0033300505738992165,1.1823206750810946,118232.06750810947,11562.870698795941,True,0.5987248201668373,scipy_fallback
2026-06-03,KO,ConsumerStaples,0.08759745322203012,0.00446366296596068,0.00039100550785964885,0.0033300505738992165,1.1823206750810946,118232.06750810947,10356.828002885526,True,0.5987248201668373,scipy_fallback
2026-06-03,AMD,Technology,0.0760647458685851,0.04022710125359996,0.003059864233884922,0.0033300505738992165,1.1823206750810946,118232.06750810947,8993.292168521744,True,0.5987248201668373,scipy_fallback
2026-06-03,MU,Technology,0.07153619532860254,0.014538136980731142,0.0010400030067675631,0.0033300505738992165,1.1823206750810946,118232.06750810947,8457.872275364642,True,0.5987248201668373,scipy_fallback
2026-06-03,GS,Financials,0.05,-0.022130808944136326,-0.0011065404472068163,0.0033300505738992165,1.1823206750810946,118232.06750810947,5911.603375405473,True,0.5987248201668373,scipy_fallback
2026-06-03,ABBV,Healthcare,0.05,0.008031642289171748,0.0004015821144585874,0.0033300505738992165,1.1823206750810946,118232.06750810947,5911.603375405473,True,0.5987248201668373,scipy_fallback
2026-06-03,CVS,Healthcare,0.05,0.020893893993060075,0.0010446946996530038,0.0033300505738992165,1.1823206750810946,118232.06750810947,5911.603375405473,True,0.5987248201668373,scipy_fallback
2026-06-04,MS,Financials,0.24609354696064098,0.038688510945259935,0.009520992885144599,0.004418933567160508,1.1875452715993584,118754.52715993584,29224.722806422385,True,0.6308464678676456,scipy_fallback
2026-06-04,VLO,Energy,0.1712202445715664,-0.009944561958385889,-0.0017027103306719272,0.004418933567160508,1.1875452715993584,118754.52715993584,20333.17918430494,True,0.6308464678676456,scipy_fallback
2026-06-04,MO,ConsumerStaples,0.15194303833274153,0.004267404784936479,0.0006484024488189281,0.004418933567160508,1.1875452715993584,118754.52715993584,18043.923672448727,True,0.6308464678676456,scipy_fallback
2026-06-04,AMD,Technology,0.08324604091693988,-0.035611602574429746,-0.00296452492502878,0.004418933567160508,1.1875452715993584,118754.52715993584,9885.844227027867,True,0.6308464678676456,scipy_fallback
2026-06-04,KO,ConsumerStaples,0.07958271548974064,-0.024631709605355545,-0.001960258337548922,0.004418933567160508,1.1875452715993584,118754.52715993584,9450.807748087851,True,0.6308464678676456,scipy_fallback
2026-06-04,MU,Technology,0.0679144137283708,-0.0774103794672013,-0.00525728053800569,0.004418933567160508,1.1875452715993584,118754.52715993584,8065.144089656929,True,0.6308464678676456,scipy_fallback
2026-06-04,MPC,Energy,0.05,-0.0005987155101558894,-2.9935775507794474e-05,0.004418933567160508,1.1875452715993584,118754.52715993584,5937.726357996792,True,0.6308464678676456,scipy_fallback
2026-06-04,GS,Financials,0.05,0.04955722472188673,0.0024778612360943364,0.004418933567160508,1.1875452715993584,118754.52715993584,5937.726357996792,True,0.6308464678676456,scipy_fallback
2026-06-04,ABBV,Healthcare,0.05,0.03596918225452961,0.0017984591127264806,0.004418933567160508,1.1875452715993584,118754.52715993584,5937.726357996792,True,0.6308464678676456,scipy_fallback
2026-06-04,CVS,Healthcare,0.05,0.03775855582278553,0.0018879277911392767,0.004418933567160508,1.1875452715993584,118754.52715993584,5937.726357996792,True,0.6308464678676456,scipy_fallback
2026-06-05,MS,Financials,0.25635431175035506,-0.029046625209445898,-0.007446227614238016,-0.02493447473151842,1.15793445403213,115793.44540321299,29684.14900154298,True,0.6128455211559625,scipy_fallback
2026-06-05,MPC,Energy,0.18500186728936496,-0.01887278485501953,-0.00349150043912906,-0.02493447473151842,1.15793445403213,115793.44540321299,21422.003619463536,True,0.6128455211559625,scipy_fallback
2026-06-05,MO,ConsumerStaples,0.14058031966797274,0.022521261121980052,0.0031660460878538423,-0.02493447473151842,1.15793445403213,115793.44540321299,16278.27957023963,True,0.6128455211559625,scipy_fallback
2026-06-05,AMD,Technology,0.07751084257401625,-0.10860092889626116,-0.00841774950307003,-0.02493447473151842,1.15793445403213,115793.44540321299,8975.247517751388,True,0.6128455211559625,scipy_fallback
2026-06-05,CVS,Healthcare,0.07466389556278821,0.011706330861840364,0.0008740402648918934,-0.02493447473151842,1.15793445403213,115793.44540321299,8645.589714440914,True,0.6128455211559625,scipy_fallback
2026-06-05,MU,Technology,0.05971933074633532,-0.1325201007234943,-0.007914011725644026,-0.02493447473151842,1.15793445403213,115793.44540321299,6915.107064292198,True,0.6128455211559625,scipy_fallback
2026-06-05,TRGP,Energy,0.05616943240916743,-0.012267601550760232,-0.0006890642161280244,-0.02493447473151842,1.15793445403213,115793.44540321299,6504.052105000391,True,0.6128455211559625,scipy_fallback
2026-06-05,ABBV,Healthcare,0.05000000000000002,0.010180509213334465,0.0005090254606667235,-0.02493447473151842,1.15793445403213,115793.44540321299,5789.672270160651,True,0.6128455211559625,scipy_fallback
2026-06-05,PM,ConsumerStaples,0.05000000000000001,0.01885817193458439,0.0009429085967292196,-0.02493447473151842,1.15793445403213,115793.44540321299,5789.67227016065,True,0.6128455211559625,scipy_fallback
2026-06-05,GS,Financials,0.05,-0.049358832869018876,-0.002467941643450944,-0.02493447473151842,1.15793445403213,115793.44540321299,5789.6722701606495,True,0.6128455211559625,scipy_fallback
2026-06-08,MS,Financials,0.22856972145765578,0.0014627517382710398,0.00033434075737831336,0.010647101028266515,1.1702630991483205,117026.30991483205,26748.671060450462,True,0.5028839450371096,scipy_fallback
2026-06-08,MO,ConsumerStaples,0.17139395734597937,-0.01246714976872021,-0.002136794135685968,0.010647101028266515,1.1702630991483205,117026.30991483205,20057.602369900087,True,0.5028839450371096,scipy_fallback
2026-06-08,MPC,Energy,0.14204755430154856,0.015877296457644796,0.0022553311307290836,0.010647101028266515,1.1702630991483205,117026.30991483205,16623.301112336954,True,0.5028839450371096,scipy_fallback
2026-06-08,CVS,Healthcare,0.11533965950462712,0.011987959385332037,0.001382687153659496,0.010647101028266515,1.1702630991483205,117026.30991483205,13497.774738659697,True,0.5028839450371096,scipy_fallback
2026-06-08,AMD,Technology,0.0852950346775667,0.05135293417107589,0.004380150300916718,0.010647101028266515,1.1702630991483205,117026.30991483205,9981.763162373267,True,0.5028839450371096,scipy_fallback
2026-06-08,MU,Technology,0.05735407271262257,0.09869099828787586,0.005660330691884142,0.010647101028266515,1.1702630991483205,117026.30991483205,6711.935488145181,True,0.5028839450371096,scipy_fallback
2026-06-08,GS,Financials,0.050000000000000024,0.006084632620863228,0.00030423163104316154,0.010647101028266515,1.1702630991483205,117026.30991483205,5851.315495741605,True,0.5028839450371096,scipy_fallback
2026-06-08,PM,ConsumerStaples,0.050000000000000024,-0.012507659639573898,-0.0006253829819786953,0.010647101028266515,1.1702630991483205,117026.30991483205,5851.315495741605,True,0.5028839450371096,scipy_fallback
2026-06-08,TRGP,Energy,0.05,0.00015150829116072906,7.575414558036453e-06,0.010647101028266515,1.1702630991483205,117026.30991483205,5851.315495741603,True,0.5028839450371096,scipy_fallback
2026-06-08,ABBV,Healthcare,0.05,-0.018307378684755404,-0.0009153689342377702,0.010647101028266515,1.1702630991483205,117026.30991483205,5851.315495741603,True,0.5028839450371096,scipy_fallback
2026-06-09,MS,Financials,0.32169146311035374,-0.009376202721392501,-0.0030162443718640343,-0.0098814346542455,1.1586992208058116,115869.92208058115,37274.36476458483,True,0.5258485795267037,scipy_fallback
2026-06-09,MPC,Energy,0.1532564137624113,-0.030131260560565143,-0.004617808935652997,-0.0098814346542455,1.1586992208058116,115869.92208058115,17757.808720999903,True,0.5258485795267037,scipy_fallback
2026-06-09,MO,ConsumerStaples,0.09655831031709736,0.0037873625467144123,0.00036570132806900237,-0.0098814346542455,1.1586992208058116,115869.92208058115,11188.203892674646,True,0.5258485795267037,scipy_fallback
2026-06-09,CVS,Healthcare,0.09337913995375414,-0.00020607016602169903,-1.9242654873233586e-05,-0.0098814346542455,1.1586992208058116,115869.92208058115,10819.833670393175,True,0.5258485795267037,scipy_fallback
2026-06-09,AMD,Technology,0.08511467285638359,-0.03022449618111711,-0.0025725481047047982,-0.0098814346542455,1.1586992208058116,115869.92208058115,9862.230511783322,True,0.5258485795267037,scipy_fallback
2026-06-09,ABBV,Healthcare,0.05000000000000006,0.010534731304761458,0.0005267365652380734,-0.0098814346542455,1.1586992208058116,115869.92208058115,5793.496104029065,True,0.5258485795267037,scipy_fallback
2026-06-09,INTC,Technology,0.05,-0.021311313554563838,-0.001065565677728192,-0.0098814346542455,1.1586992208058116,115869.92208058115,5793.496104029058,True,0.5258485795267037,scipy_fallback
2026-06-09,TRGP,Energy,0.05,0.00015136925915548716,7.568462957774358e-06,-0.0098814346542455,1.1586992208058116,115869.92208058115,5793.496104029058,True,0.5258485795267037,scipy_fallback
2026-06-09,GS,Financials,0.05,-0.012430686620061415,-0.0006215343310030708,-0.0098814346542455,1.1586992208058116,115869.92208058115,5793.496104029058,True,0.5258485795267037,scipy_fallback
2026-06-09,KO,ConsumerStaples,0.05,0.022630061306319504,0.0011315030653159754,-0.0098814346542455,1.1586992208058116,115869.92208058115,5793.496104029058,True,0.5258485795267037,scipy_fallback
2026-06-10,MS,Financials,0.3089276120263082,-0.01707489665603168,-0.005274907049543862,-0.0027727721939640334,1.1554864118251935,115548.64118251935,35696.16579340043,True,0.5079881209607372,scipy_fallback
2026-06-10,MPC,Energy,0.13475040602857552,0.019872190005642443,0.00267778567193732,-0.0027727721939640334,1.1554864118251935,115548.64118251935,15570.226315394664,True,0.5079881209607372,scipy_fallback
2026-06-10,AMD,Technology,0.09925940864609009,-0.04860048241788084,-0.004824055144713551,-0.0027727721939640334,1.1554864118251935,115548.64118251935,11469.289793636122,True,0.5079881209607372,scipy_fallback
2026-06-10,CVS,Healthcare,0.08908776078235132,0.009890796683089231,0.0008811489288499274,-0.0027727721939640334,1.1554864118251935,115548.64118251935,10293.969704394032,True,0.5079881209607372,scipy_fallback
2026-06-10,KO,ConsumerStaples,0.0870413810471033,0.027661664309471146,0.0024077094635577352,-0.0027727721939640334,1.1554864118251935,115548.64118251935,10057.513306642679,True,0.5079881209607372,scipy_fallback
2026-06-10,MO,ConsumerStaples,0.08093343146957145,0.02193966931745539,0.0017756527231693354,-0.0027727721939640334,1.1554864118251935,115548.64118251935,9351.748032547532,True,0.5079881209607372,scipy_fallback
2026-06-10,GS,Financials,0.05000000000000003,-0.029767187105893655,-0.0014883593552946837,-0.0027727721939640334,1.1554864118251935,115548.64118251935,5777.432059125971,True,0.5079881209607372,scipy_fallback
2026-06-10,INTC,Technology,0.05000000000000002,-0.008154162975803292,-0.0004077081487901647,-0.0027727721939640334,1.1554864118251935,115548.64118251935,5777.432059125969,True,0.5079881209607372,scipy_fallback
2026-06-10,TRGP,Energy,0.05000000000000001,0.03168419587792437,0.0015842097938962188,-0.0027727721939640334,1.1554864118251935,115548.64118251935,5777.432059125968,True,0.5079881209607372,scipy_fallback
2026-06-10,ABBV,Healthcare,0.05,-0.0020849815406461802,-0.00010424907703230902,-0.0027727721939640334,1.1554864118251935,115548.64118251935,5777.4320591259675,True,0.5079881209607372,scipy_fallback
2026-06-11,MS,Financials,0.2727846398984288,0.029033247873736956,0.00791982406631916,0.017163123394770774,1.1753181676923303,117531.81676923303,32060.87431400335,True,0.5053085106941597,scipy_fallback
2026-06-11,KO,ConsumerStaples,0.12157583149727393,-0.01268092421247391,-0.001541693905285429,0.017163123394770774,1.1753181676923303,117531.81676923303,14289.02835110475,True,0.5053085106941597,scipy_fallback
2026-06-11,MPC,Energy,0.1117869515293744,-0.009381653100835385,-0.0010487464004484903,0.017163123394770774,1.1753181676923303,117531.81676923303,13138.523504341567,True,0.5053085106941597,scipy_fallback
2026-06-11,TRGP,Energy,0.09270608759599744,-0.011631355193334691,-0.0010782974334134455,0.017163123394770774,1.1753181676923303,117531.81676923303,10895.914900725238,True,0.5053085106941597,scipy_fallback
2026-06-11,CVS,Healthcare,0.08561716980792071,0.025096981844641597,0.002148732556258983,0.017163123394770774,1.1753181676923303,117531.81676923303,10062.741514164847,True,0.5053085106941597,scipy_fallback
2026-06-11,MO,ConsumerStaples,0.08464780829776153,-0.023519732294820406,-0.0019908937905066286,0.017163123394770774,1.1753181676923303,117531.81676923303,9948.81069476967,True,0.5053085106941597,scipy_fallback
2026-06-11,AMD,Technology,0.0808815113732431,0.07968616002854234,0.0064451370586386175,0.017163123394770774,1.1753181676923303,117531.81676923303,9506.150974738646,True,0.5053085106941597,scipy_fallback
2026-06-11,ABBV,Healthcare,0.05000000000000005,-0.000800170458919891,-4.000852294599459e-05,0.017163123394770774,1.1753181676923303,117531.81676923303,5876.590838461658,True,0.5053085106941597,scipy_fallback
2026-06-11,INTC,Technology,0.05000000000000002,0.09267561737759955,0.004633780868879979,0.017163123394770774,1.1753181676923303,117531.81676923303,5876.590838461653,True,0.5053085106941597,scipy_fallback
2026-06-11,GS,Financials,0.05,0.03430577794548051,0.0017152888972740256,0.017163123394770774,1.1753181676923303,117531.81676923303,5876.590838461652,True,0.5053085106941597,scipy_fallback
2026-06-12,MS,Financials,0.26425585712536676,0.006489191258638671,0.0017148067981019996,0.015854808109545447,1.1939526117087549,119395.26117087548,31550.89707741672,True,0.5193382686988385,scipy_fallback
2026-06-12,CVS,Healthcare,0.11290923964337495,0.014729223541362524,0.001663065430592541,0.015854808109545447,1.1939526117087549,119395.26117087548,13480.82815582572,True,0.5193382686988385,scipy_fallback
2026-06-12,MPC,Energy,0.10184571828448472,0.010620699446255655,0.0010816727637875361,0.015854808109545447,1.1939526117087549,119395.26117087548,12159.896133711462,True,0.5193382686988385,scipy_fallback
2026-06-12,KO,ConsumerStaples,0.10090006759900534,0.00109057980340177,0.00011003957588534854,0.015854808109545447,1.1939526117087549,119395.26117087548,12046.989923142233,True,0.5193382686988385,scipy_fallback
2026-06-12,MO,ConsumerStaples,0.09349717927418363,0.007421970924435195,0.0006939333460896958,0.015854808109545447,1.1939526117087549,119395.26117087548,11163.12013818132,True,0.5193382686988385,scipy_fallback
2026-06-12,AMD,Technology,0.09204881207151609,0.04733339039694395,0.004356982357355999,0.015854808109545447,1.1939526117087549,119395.26117087548,10990.1919577475,True,0.5193382686988385,scipy_fallback
2026-06-12,TRGP,Energy,0.08454312600206884,0.011990986613434007,0.001013755492148672,0.015854808109545447,1.1939526117087549,119395.26117087548,10094.048609219244,True,0.5193382686988385,scipy_fallback
2026-06-12,INTC,Technology,0.05000000000000001,0.06506498520793724,0.0032532492603968627,0.015854808109545447,1.1939526117087549,119395.26117087548,5969.7630585437755,True,0.5193382686988385,scipy_fallback
2026-06-12,GS,Financials,0.05,0.026177082121721984,0.0013088541060860992,0.015854808109545447,1.1939526117087549,119395.26117087548,5969.763058543775,True,0.5193382686988385,scipy_fallback
2026-06-12,ABBV,Healthcare,0.05,0.013168979582013796,0.0006584489791006898,0.015854808109545447,1.1939526117087549,119395.26117087548,5969.763058543775,True,0.5193382686988385,scipy_fallback
2026-06-15,MS,Financials,0.2272528245088288,0.018407758098957006,0.004183215020863248,-0.002332531835773483,1.1911676792315393,119116.76792315394,27069.62195689939,True,0.572504633186117,scipy_fallback
2026-06-15,TRGP,Energy,0.13237321387255963,-0.03767438946604895,-0.004987080014307406,-0.002332531835773483,1.1911676792315393,119116.76792315394,15767.869396099706,True,0.572504633186117,scipy_fallback
2026-06-15,CVS,Healthcare,0.1227312761136432,-0.012553877002136726,-0.001540753344645958,-0.002332531835773483,1.1911676792315393,119116.76792315394,14619.352933741364,True,0.572504633186117,scipy_fallback
2026-06-15,KO,ConsumerStaples,0.12130696438230368,-0.014374417357267633,-0.0017437169343744324,-0.002332531835773483,1.1911676792315393,119116.76792315394,14449.693523789168,True,0.572504633186117,scipy_fallback
2026-06-15,MO,ConsumerStaples,0.11301087657481514,-0.018199895935605226,-0.002056786193253162,-0.002332531835773483,1.1911676792315393,119116.76792315394,13461.490357754448,True,0.572504633186117,scipy_fallback
2026-06-15,AMD,Technology,0.0817020179238928,0.06976562724637403,0.005699992527754875,-0.002332531835773483,1.1911676792315393,119116.76792315394,9732.080307893702,True,0.572504633186117,scipy_fallback
2026-06-15,MPC,Energy,0.0516228266239565,-0.0482585049998816,-0.002491240436740226,-0.002332531835773483,1.1911676792315393,119116.76792315394,6149.144258503039,True,0.572504633186117,scipy_fallback
2026-06-15,ABBV,Healthcare,0.050000000000000114,-0.026961745749537136,-0.0013480872874768598,-0.002332531835773483,1.1911676792315393,119116.76792315394,5955.83839615771,True,0.572504633186117,scipy_fallback
2026-06-15,GS,Financials,0.05000000000000001,0.012627635778451385,0.0006313817889225694,-0.002332531835773483,1.1911676792315393,119116.76792315394,5955.838396157698,True,0.572504633186117,scipy_fallback
2026-06-15,INTC,Technology,0.05,0.026410860749677356,0.001320543037483868,-0.002332531835773483,1.1911676792315393,119116.76792315394,5955.838396157697,True,0.572504633186117,scipy_fallback
2026-06-16,MS,Financials,0.26464469802979484,0.013074589882447363,0.0034601208913036933,-0.0068165749709628775,1.1830479954430697,118304.79954430697,31308.737950878527,True,0.549851423026908,scipy_fallback
2026-06-16,MO,ConsumerStaples,0.1763538276333599,0.008622049313916191,0.001520531398552705,-0.0068165749709628775,1.1830479954430697,118304.79954430697,20863.504227035908,True,0.549851423026908,scipy_fallback
2026-06-16,CVS,Healthcare,0.1558753579087013,0.0003972509926317702,6.192164065606404e-05,-0.0068165749709628775,1.1830479954430697,118304.79954430697,18440.80297128601,True,0.549851423026908,scipy_fallback
2026-06-16,AMD,Technology,0.10312611642814387,-0.07303658317336414,-0.0075319791798501646,-0.0068165749709628775,1.1830479954430697,118304.79954430697,12200.314531814422,True,0.549851423026908,scipy_fallback
2026-06-16,KO,ConsumerStaples,0.05000000000000006,-0.007786471993800115,-0.0003893235996900062,-0.0068165749709628775,1.1830479954430697,118304.79954430697,5915.239977215355,True,0.549851423026908,scipy_fallback
2026-06-16,ABBV,Healthcare,0.05000000000000003,0.003971292735399867,0.00019856463676999348,-0.0068165749709628775,1.1830479954430697,118304.79954430697,5915.239977215352,True,0.549851423026908,scipy_fallback
2026-06-16,INTC,Technology,0.05000000000000001,-0.08454557724848444,-0.004227278862424222,-0.0068165749709628775,1.1830479954430697,118304.79954430697,5915.239977215349,True,0.549851423026908,scipy_fallback
2026-06-16,TRGP,Energy,0.05000000000000001,-0.010101699558648147,-0.0005050849779324075,-0.0068165749709628775,1.1830479954430697,118304.79954430697,5915.239977215349,True,0.549851423026908,scipy_fallback
2026-06-16,MPC,Energy,0.05,-0.001554636927716846,-7.77318463858423e-05,-0.0068165749709628775,1.1830479954430697,118304.79954430697,5915.2399772153485,True,0.549851423026908,scipy_fallback
2026-06-16,GS,Financials,0.05,0.013473698560746206,0.0006736849280373103,-0.0068165749709628775,1.1830479954430697,118304.79954430697,5915.2399772153485,True,0.549851423026908,scipy_fallback
2026-06-17,MS,Financials,0.2558392109804661,0.018702246162115133,0.004784767901677985,-0.0002818028151940961,1.182714609187444,118271.46091874441,30258.4772429586,True,0.545052707446143,scipy_fallback
2026-06-17,MO,ConsumerStaples,0.17676570291894514,-0.017666410463683224,-0.003122815463667573,-0.0002818028151940961,1.182714609187444,118271.46091874441,20906.337924552405,True,0.545052707446143,scipy_fallback
2026-06-17,CVS,Healthcare,0.16958610515452607,-0.015488389633686483,-0.0026266156730926278,-0.0002818028151940961,1.182714609187444,118271.46091874441,20057.19640814561,True,0.545052707446143,scipy_fallback
2026-06-17,AMD,Technology,0.09521152568319066,0.010230778916215488,0.0009740880695402965,-0.0002818028151940961,1.182714609187444,118271.46091874441,11260.806238853515,True,0.545052707446143,scipy_fallback
2026-06-17,INTC,Technology,0.05259745526287203,0.034600558024525885,0.001819901302765408,-0.0002818028151940961,1.182714609187444,118271.46091874441,6220.777874548177,True,0.545052707446143,scipy_fallback
2026-06-17,PM,ConsumerStaples,0.05000000000000003,-0.025100529758622425,-0.001255026487931122,-0.0002818028151940961,1.182714609187444,118271.46091874441,5913.573045937224,True,0.545052707446143,scipy_fallback
2026-06-17,TRGP,Energy,0.050000000000000024,0.004081914093253536,0.0002040957046626769,-0.0002818028151940961,1.182714609187444,118271.46091874441,5913.5730459372235,True,0.545052707446143,scipy_fallback
2026-06-17,MPC,Energy,0.05,-0.02339605933520139,-0.0011698029667600695,-0.0002818028151940961,1.182714609187444,118271.46091874441,5913.573045937221,True,0.545052707446143,scipy_fallback
2026-06-17,GS,Financials,0.05,0.007765860782031897,0.00038829303910159485,-0.0002818028151940961,1.182714609187444,118271.46091874441,5913.573045937221,True,0.545052707446143,scipy_fallback
2026-06-17,ABBV,Healthcare,0.05,-0.00557376482981331,-0.00027868824149066554,-0.0002818028151940961,1.182714609187444,118271.46091874441,5913.573045937221,True,0.545052707446143,scipy_fallback
2026-06-18,MS,Financials,0.27334672062660725,-0.007957023289781873,-0.002175026222211413,0.005384354054780409,1.1890827633890706,118908.27633890706,32503.187392602642,True,0.5309373586451196,scipy_fallback
2026-06-18,CVS,Healthcare,0.16358716829355494,-0.008471230956781373,-0.0013857846841805667,0.005384354054780409,1.1890827633890706,118908.27633890706,19451.868212949325,True,0.5309373586451196,scipy_fallback
2026-06-18,MO,ConsumerStaples,0.16055750939412058,0.002465559233509218,0.000395864049795917,0.005384354054780409,1.1890827633890706,118908.27633890706,19091.61669532276,True,0.5309373586451196,scipy_fallback
2026-06-18,AMD,Technology,0.09323369110816815,0.04856777941973722,0.004528153344229426,0.005384354054780409,1.1890827633890706,118908.27633890706,11086.25750638636,True,0.5309373586451196,scipy_fallback
2026-06-18,INTC,Technology,0.059274910577549175,0.1064410171879362,0.006309281775598293,0.005384354054780409,1.1890827633890706,118908.27633890706,7048.277446919223,True,0.5309373586451196,scipy_fallback
2026-06-18,MPC,Energy,0.05000000000000002,-0.0069497777754981005,-0.00034748888877490514,0.005384354054780409,1.1890827633890706,118908.27633890706,5945.413816945355,True,0.5309373586451196,scipy_fallback
2026-06-18,ABBV,Healthcare,0.05000000000000001,-0.021425653963653923,-0.0010712826981826963,0.005384354054780409,1.1890827633890706,118908.27633890706,5945.4138169453545,True,0.5309373586451196,scipy_fallback
2026-06-18,TRGP,Energy,0.05,-0.008284094500929484,-0.00041420472504647424,0.005384354054780409,1.1890827633890706,118908.27633890706,5945.413816945354,True,0.5309373586451196,scipy_fallback
2026-06-18,GS,Financials,0.05,-0.0023472504347246126,-0.00011736252173623064,0.005384354054780409,1.1890827633890706,118908.27633890706,5945.413816945354,True,0.5309373586451196,scipy_fallback
2026-06-18,KO,ConsumerStaples,0.05,-0.006755907494218838,-0.0003377953747109419,0.005384354054780409,1.1890827633890706,118908.27633890706,5945.413816945354,True,0.5309373586451196,scipy_fallback
2026-06-22,MS,Financials,0.25909755424667924,0.017565038057215876,0.004551058400874476,0.021613327198134497,1.2147827982198605,121478.27982198604,31474.72519597031,True,0.5260783797485551,scipy_fallback
2026-06-22,MO,ConsumerStaples,0.1938027940119214,0.0056424175227483,0.0010935162808904447,0.021613327198134497,1.2147827982198605,121478.27982198604,23542.83004126291,True,0.5260783797485551,scipy_fallback
2026-06-22,CVS,Healthcare,0.1394363390946278,0.030309250516115105,0.004226210932669048,0.021613327198134497,1.2147827982198605,121478.27982198604,16938.48661789053,True,0.5260783797485551,scipy_fallback
2026-06-22,AMD,Technology,0.08453906378898571,0.026536669138951918,0.0022433851650850646,0.021613327198134497,1.2147827982198605,121478.27982198604,10269.660046847133,True,0.5260783797485551,scipy_fallback
2026-06-22,INTC,Technology,0.07312424885778596,0.05186951760067471,0.003792919513165046,0.021613327198134497,1.2147827982198605,121478.27982198604,8883.007964518665,True,0.5260783797485551,scipy_fallback
2026-06-22,ABBV,Healthcare,0.05000000000000004,0.06245088327584192,0.003122544163792098,0.021613327198134497,1.2147827982198605,121478.27982198604,6073.913991099306,True,0.5260783797485551,scipy_fallback
2026-06-22,TRGP,Energy,0.05000000000000003,0.022933052111658414,0.0011466526055829214,0.021613327198134497,1.2147827982198605,121478.27982198604,6073.913991099305,True,0.5260783797485551,scipy_fallback
2026-06-22,GS,Financials,0.050000000000000024,0.008946063529568837,0.00044730317647844207,0.021613327198134497,1.2147827982198605,121478.27982198604,6073.913991099305,True,0.5260783797485551,scipy_fallback
2026-06-22,MPC,Energy,0.05,0.018031315429443806,0.0009015657714721904,0.021613327198134497,1.2147827982198605,121478.27982198604,6073.913991099303,True,0.5260783797485551,scipy_fallback
2026-06-22,KO,ConsumerStaples,0.05,0.0017634237624952753,8.817118812476377e-05,0.021613327198134497,1.2147827982198605,121478.27982198604,6073.913991099303,True,0.5260783797485551,scipy_fallback
2026-06-23,MO,ConsumerStaples,0.2164672209964969,0.03021145475842335,0.006539789653817295,-0.007684169748835287,1.205448200990374,120544.8200990374,26094.00221236129,True,0.6205657692418715,scipy_fallback
2026-06-23,MS,Financials,0.2100786424207826,-0.004667695824896123,-0.0009805832021273326,-0.007684169748835287,1.205448200990374,120544.8200990374,25323.892157263246,True,0.6205657692418715,scipy_fallback
2026-06-23,CVS,Healthcare,0.15388804711687498,0.0026652977565226887,0.00041015746673626473,-0.007684169748835287,1.205448200990374,120544.8200990374,18550.406955095885,True,0.6205657692418715,scipy_fallback
2026-06-23,MU,Technology,0.09461405195875862,-0.1317588143395868,-0.012466235305950096,-0.007684169748835287,1.205448200990374,120544.8200990374,11405.233872209536,True,0.6205657692418715,scipy_fallback
2026-06-23,KO,ConsumerStaples,0.06331806173840637,0.009807549909417013,0.0006209950506669683,-0.007684169748835287,1.205448200990374,120544.8200990374,7632.66436127594,True,0.6205657692418715,scipy_fallback
2026-06-23,VLO,Energy,0.06163397576868044,-0.00041024549319024217,-2.5285060786497742e-05,-0.007684169748835287,1.205448200990374,120544.8200990374,7429.656521024014,True,0.6205657692418715,scipy_fallback
2026-06-23,INTC,Technology,0.05000000000000002,-0.061444611267902016,-0.003072230563395102,-0.007684169748835287,1.205448200990374,120544.8200990374,6027.241004951872,True,0.6205657692418715,scipy_fallback
2026-06-23,GS,Financials,0.05000000000000002,-0.01078298431902569,-0.0005391492159512847,-0.007684169748835287,1.205448200990374,120544.8200990374,6027.241004951872,True,0.6205657692418715,scipy_fallback
2026-06-23,TRGP,Energy,0.05000000000000001,0.015916145063531895,0.0007958072531765949,-0.007684169748835287,1.205448200990374,120544.8200990374,6027.241004951871,True,0.6205657692418715,scipy_fallback
2026-06-23,ABBV,Healthcare,0.05000000000000001,0.020651283499558026,0.0010325641749779014,-0.007684169748835287,1.205448200990374,120544.8200990374,6027.241004951871,True,0.6205657692418715,scipy_fallback
2026-06-24,MS,Financials,0.267203055255149,-0.02729730085638027,-0.007293922189043803,-0.007376278273536056,1.1965564796155355,119655.64796155355,31972.35471386165,True,0.5687526378234263,scipy_fallback
2026-06-24,MO,ConsumerStaples,0.17994944455940864,0.006423650724856733,0.0011559323799816119,-0.007376278273536056,1.1965564796155355,119655.64796155355,21531.967389077698,True,0.5687526378234263,scipy_fallback
2026-06-24,CVS,Healthcare,0.14674196499734218,0.002953653786126109,0.0004334249604979847,-0.007376278273536056,1.1965564796155355,119655.64796155355,17558.50490490859,True,0.5687526378234263,scipy_fallback
2026-06-24,AMD,Technology,0.07495472393282399,-0.00021157133159144248,-1.5858270751536533e-05,-0.007376278273536056,1.1965564796155355,119655.64796155355,8968.756059961419,True,0.5687526378234263,scipy_fallback
2026-06-24,KO,ConsumerStaples,0.07080527944064695,0.0036110639651252274,0.0002556823931287423,-0.007376278273536056,1.1965564796155355,119655.64796155355,8472.251590569476,True,0.5687526378234263,scipy_fallback
2026-06-24,INTC,Technology,0.060345531814629275,-0.004762661692064518,-0.0002874053526607955,-0.007376278273536056,1.1965564796155355,119655.64796155355,7220.68371086401,True,0.5687526378234263,scipy_fallback
2026-06-24,MPC,Energy,0.05000000000000007,-0.008087962634891976,-0.00040439813174459943,-0.007376278273536056,1.1965564796155355,119655.64796155355,5982.782398077686,True,0.5687526378234263,scipy_fallback
2026-06-24,GS,Financials,0.050000000000000044,-0.016017227612420415,-0.0008008613806210215,-0.007376278273536056,1.1965564796155355,119655.64796155355,5982.782398077683,True,0.5687526378234263,scipy_fallback
2026-06-24,TRGP,Energy,0.05,-0.008931245599384519,-0.00044656227996922593,-0.007376278273536056,1.1965564796155355,119655.64796155355,5982.7823980776775,True,0.5687526378234263,scipy_fallback
2026-06-24,ABBV,Healthcare,0.05,0.0005537919529317037,2.7689597646585187e-05,-0.007376278273536056,1.1965564796155355,119655.64796155355,5982.7823980776775,True,0.5687526378234263,scipy_fallback
2026-06-25,MS,Financials,0.27802996530099444,0.005367044009216615,0.0014921990596514056,0.014408993515180345,1.2137976541708626,121379.76541708627,33747.21196715534,True,0.568388560108553,scipy_fallback
2026-06-25,CVS,Healthcare,0.18569319757966846,0.027387859217868682,0.005085739153027833,0.014408993515180345,1.2137976541708626,121379.76541708627,22539.396761768807,True,0.568388560108553,scipy_fallback
2026-06-25,MO,ConsumerStaples,0.12268251509459316,0.01581793920128516,0.0019405845648270232,0.014408993515180345,1.2137976541708626,121379.76541708627,14891.174902959863,True,0.568388560108553,scipy_fallback
2026-06-25,KO,ConsumerStaples,0.08940511412968453,-0.002233249391672132,-0.00019966391674249552,0.014408993515180345,1.2137976541708626,121379.76541708627,10851.971780148933,True,0.568388560108553,scipy_fallback
2026-06-25,AMD,Technology,0.062480459005693066,0.024685452978244093,0.001542358432844144,0.014408993515180345,1.2137976541708626,121379.76541708627,7583.8634572629,True,0.568388560108553,scipy_fallback
2026-06-25,INTC,Technology,0.061708748889366664,0.009267005524226546,0.0005718553168508696,0.014408993515180345,1.2137976541708626,121379.76541708627,7490.193464373208,True,0.568388560108553,scipy_fallback
2026-06-25,MPC,Energy,0.05,0.02859929921885218,0.001429964960942609,0.014408993515180345,1.2137976541708626,121379.76541708627,6068.988270854314,True,0.568388560108553,scipy_fallback
2026-06-25,TRGP,Energy,0.05,0.026772361705258207,0.0013386180852629104,0.014408993515180345,1.2137976541708626,121379.76541708627,6068.988270854314,True,0.568388560108553,scipy_fallback
2026-06-25,GS,Financials,0.05,-0.010976015516939164,-0.0005488007758469582,0.014408993515180345,1.2137976541708626,121379.76541708627,6068.988270854314,True,0.568388560108553,scipy_fallback
2026-06-25,ABBV,Healthcare,0.05,0.03512277268726005,0.0017561386343630026,0.014408993515180345,1.2137976541708626,121379.76541708627,6068.988270854314,True,0.568388560108553,scipy_fallback
2026-06-26,MS,Financials,0.19608298401759702,-0.04076180568150911,-0.007992696491975747,-0.011587040271219911,1.1997333318708725,119973.33318708725,23524.729173861473,True,0.6656131582544225,scipy_fallback
2026-06-26,CVS,Healthcare,0.1719921640179101,-0.0030575950239375427,-0.0005258823848574115,-0.011587040271219911,1.1997333318708725,119973.33318708725,20634.47319928889,True,0.6656131582544225,scipy_fallback
2026-06-26,MO,ConsumerStaples,0.1689649401499054,0.007922448161098883,0.0013386159793808009,-0.011587040271219911,1.1997333318708725,119973.33318708725,20271.287061540857,True,0.6656131582544225,scipy_fallback
2026-06-26,KO,ConsumerStaples,0.11618444323390997,0.02748064210889467,0.003192823103132269,-0.011587040271219911,1.1997333318708725,119973.33318708725,13939.034919258105,True,0.6656131582544225,scipy_fallback
2026-06-26,MU,Technology,0.09677546858067754,-0.0669353130874335,-0.0064776962886307346,-0.011587040271219911,1.1997333318708725,119973.33318708725,11610.47553636612,True,0.6656131582544225,scipy_fallback
2026-06-26,ABBV,Healthcare,0.05000000000000002,0.041992301131255294,0.0020996150565627653,-0.011587040271219911,1.1997333318708725,119973.33318708725,5998.666659354364,True,0.6656131582544225,scipy_fallback
2026-06-26,MPC,Energy,0.05,0.001971888371253172,9.859441856265861e-05,-0.011587040271219911,1.1997333318708725,119973.33318708725,5998.666659354363,True,0.6656131582544225,scipy_fallback
2026-06-26,AMD,Technology,0.05,-0.020635766346647655,-0.0010317883173323829,-0.011587040271219911,1.1997333318708725,119973.33318708725,5998.666659354363,True,0.6656131582544225,scipy_fallback
2026-06-26,TRGP,Energy,0.05,-0.003071982705941556,-0.00015359913529707783,-0.011587040271219911,1.1997333318708725,119973.33318708725,5998.666659354363,True,0.6656131582544225,scipy_fallback
2026-06-26,GS,Financials,0.05,-0.04270052421530102,-0.0021350262107650507,-0.011587040271219911,1.1997333318708725,119973.33318708725,5998.666659354363,True,0.6656131582544225,scipy_fallback
2026-06-29,TRV,Financials,0.28078934348233975,0.013776543143821707,0.003868306504809826,0.007694625627343442,1.2089648307122642,120896.48307122642,33946.44411089347,True,0.6961989527134421,scipy_fallback
2026-06-29,KO,ConsumerStaples,0.16448051889667223,0.000242145931237836,3.982828841871718e-05,0.007694625627343442,1.2089648307122642,120896.48307122642,19885.11626833807,True,0.6961989527134421,scipy_fallback
2026-06-29,MS,Financials,0.14223383553635388,-0.0014620618291872889,-0.00020795466175660556,0.007694625627343442,1.2089648307122642,120896.48307122642,17195.57049007641,True,0.6961989527134421,scipy_fallback
2026-06-29,CVS,Healthcare,0.0773280466780103,-0.00728382077420342,-0.0005632436328218632,0.007694625627343442,1.2089648307122642,120896.48307122642,9348.688886139078,True,0.6961989527134421,scipy_fallback
2026-06-29,VLO,Energy,0.07555051876435376,0.026795712941058092,0.0020244300133576464,0.007694625627343442,1.2089648307122642,120896.48307122642,9133.792012817068,True,0.6961989527134421,scipy_fallback
2026-06-29,MU,Technology,0.059617736642270006,0.0114365859262604,0.0006818233678384842,0.007694625627343442,1.2089648307122642,120896.48307122642,7207.574688717031,True,0.6961989527134421,scipy_fallback
2026-06-29,MO,ConsumerStaples,0.05000000000000006,0.003523512827685593,0.00017617564138427987,0.007694625627343442,1.2089648307122642,120896.48307122642,6044.824153561328,True,0.6961989527134421,scipy_fallback
2026-06-29,ABBV,Healthcare,0.05000000000000002,0.0037892300099009457,0.00018946150049504735,0.007694625627343442,1.2089648307122642,120896.48307122642,6044.824153561323,True,0.6961989527134421,scipy_fallback
2026-06-29,TRGP,Energy,0.05000000000000001,-0.0046219483556458885,-0.00023109741778229448,0.007694625627343442,1.2089648307122642,120896.48307122642,6044.824153561322,True,0.6961989527134421,scipy_fallback
2026-06-29,AMD,Technology,0.05,0.0343379204680041,0.0017168960234002053,0.007694625627343442,1.2089648307122642,120896.48307122642,6044.8241535613215,True,0.6961989527134421,scipy_fallback
2026-06-30,TRV,Financials,0.3703296439487344,-0.005303197853402497,-0.0019639313728402395,-0.004452151776321821,1.2035823357936979,120358.23357936979,44572.221787746625,True,0.7029012748933128,scipy_fallback
2026-06-30,MS,Financials,0.1199227869208056,-0.012658232434641703,-0.0015180105110535673,-0.004452151776321821,1.2035823357936979,120358.23357936979,14433.694799703313,True,0.7029012748933128,scipy_fallback
2026-06-30,CVS,Healthcare,0.10001210877651896,-0.0012551041643814598,-0.0001255256142139805,-0.004452151776321821,1.2035823357936979,120358.23357936979,12037.280748889609,True,0.7029012748933128,scipy_fallback
2026-06-30,VLO,Energy,0.08365210311036989,-0.022078692050249038,-0.0018469290239295365,-0.004452151776321821,1.2035823357936979,120358.23357936979,10068.219365563424,True,0.7029012748933128,scipy_fallback
2026-06-30,MU,Technology,0.06601275465937563,0.007867117678217905,0.0005193301091686354,-0.004452151776321821,1.2035823357936979,120358.23357936979,7945.1785445107635,True,0.7029012748933128,scipy_fallback
2026-06-30,MO,ConsumerStaples,0.06007060258419545,-0.028359298521223653,-0.0017035601510349877,-0.004452151776321821,1.2035823357936979,120358.23357936979,7229.99161708209,True,0.7029012748933128,scipy_fallback
2026-06-30,ABBV,Healthcare,0.05000000000000002,-0.010499031674390258,-0.0005249515837195131,-0.004452151776321821,1.2035823357936979,120358.23357936979,6017.911678968491,True,0.7029012748933128,scipy_fallback
2026-06-30,AMD,Technology,0.05000000000000001,0.07677618428501676,0.0038388092142508387,-0.004452151776321821,1.2035823357936979,120358.23357936979,6017.91167896849,True,0.7029012748933128,scipy_fallback
2026-06-30,TRGP,Energy,0.05000000000000001,-0.011829706908686677,-0.0005914853454343339,-0.004452151776321821,1.2035823357936979,120358.23357936979,6017.91167896849,True,0.7029012748933128,scipy_fallback
2026-06-30,PM,ConsumerStaples,0.05000000000000001,-0.01071794995030273,-0.0005358974975151366,-0.004452151776321821,1.2035823357936979,120358.23357936979,6017.91167896849,True,0.7029012748933128,scipy_fallback
2026-07-01,TRV,Financials,0.3850411335625074,0.013631447779896888,0.005248668105269623,-0.002885146315509679,1.2001098246521702,120010.98246521702,46209.16472835736,True,0.6683419874826082,scipy_fallback
2026-07-01,MS,Financials,0.11381768485343782,0.013490259746217204,0.0015354301323859678,-0.002885146315509679,1.2001098246521702,120010.98246521702,13659.372181177523,True,0.6683419874826082,scipy_fallback
2026-07-01,CVS,Healthcare,0.10109439353770952,0.013146438671682859,0.00132903124469447,-0.002885146315509679,1.2001098246521702,120010.98246521702,12132.437490185806,True,0.6683419874826082,scipy_fallback
2026-07-01,VLO,Energy,0.08084859185096387,0.03455694248982866,0.002793880138977388,-0.002885146315509679,1.2001098246521702,120010.98246521702,9702.718938963511,True,0.6683419874826082,scipy_fallback
2026-07-01,MU,Technology,0.06419775122633699,-0.10570131228654323,-0.006785786550468859,-0.002885146315509679,1.2001098246521702,120010.98246521702,7704.435196730293,True,0.6683419874826082,scipy_fallback
2026-07-01,AMD,Technology,0.055000444969044514,-0.06890907388804501,-0.003790029726247242,-0.002885146315509679,1.2001098246521702,120010.98246521702,6600.657436759135,True,0.6683419874826082,scipy_fallback
2026-07-01,ABBV,Healthcare,0.05000000000000002,-0.0023048656592238315,-0.00011524328296119161,-0.002885146315509679,1.2001098246521702,120010.98246521702,6000.549123260853,True,0.6683419874826082,scipy_fallback
2026-07-01,PM,ConsumerStaples,0.05000000000000001,-0.017798911920411054,-0.0008899455960205528,-0.002885146315509679,1.2001098246521702,120010.98246521702,6000.549123260852,True,0.6683419874826082,scipy_fallback
2026-07-01,TRGP,Energy,0.05,-0.0385246919495118,-0.0019262345974755902,-0.002885146315509679,1.2001098246521702,120010.98246521702,6000.549123260851,True,0.6683419874826082,scipy_fallback
2026-07-01,MO,ConsumerStaples,0.05,-0.005698323673273831,-0.00028491618366369154,-0.002885146315509679,1.2001098246521702,120010.98246521702,6000.549123260851,True,0.6683419874826082,scipy_fallback
2026-07-02,TRV,Financials,0.38710277778658886,0.022981263635936777,0.008896110990517049,0.009264702026667907,1.211228484576849,121122.8484576849,46886.99109139387,True,0.6468810988303605,scipy_fallback
2026-07-02,MS,Financials,0.13339128330858907,0.00977054259187038,0.0013033052149508178,0.009264702026667907,1.211228484576849,121122.8484576849,16156.732193762347,True,0.6468810988303605,scipy_fallback
2026-07-02,CVS,Healthcare,0.10397917286410496,-0.0008586309512910173,-8.927973611075957e-05,0.009264702026667907,1.211228484576849,121122.8484576849,12594.253597574407,True,0.6468810988303605,scipy_fallback
2026-07-02,MPC,Energy,0.0689217160279834,0.005587622291336469,0.00038510851683512206,0.009264702026667907,1.211228484576849,121122.8484576849,8347.994565901026,True,0.6468810988303605,scipy_fallback
2026-07-02,VLO,Energy,0.05458087770922166,-0.006235232411611058,-0.00034032445774671844,0.009264702026667907,1.211228484576849,121122.8484576849,6610.991379461487,True,0.6468810988303605,scipy_fallback
2026-07-02,MU,Technology,0.05202417230351199,-0.05494641246541454,-0.0028585416295605647,0.009264702026667907,1.211228484576849,121122.8484576849,6301.31593805477,True,0.6468810988303605,scipy_fallback
2026-07-02,MO,ConsumerStaples,0.05000000000000001,0.01635443364391409,0.0008177216821957046,0.009264702026667907,1.211228484576849,121122.8484576849,6056.142422884246,True,0.6468810988303605,scipy_fallback
2026-07-02,AMD,Technology,0.05,-0.0426342208076077,-0.0021317110403803853,0.009264702026667907,1.211228484576849,121122.8484576849,6056.142422884245,True,0.6468810988303605,scipy_fallback
2026-07-02,PM,ConsumerStaples,0.05,0.025775236468720042,0.0012887618234360021,0.009264702026667907,1.211228484576849,121122.8484576849,6056.142422884245,True,0.6468810988303605,scipy_fallback
2026-07-02,ABBV,Healthcare,0.05,0.0398710132506328,0.0019935506625316404,0.009264702026667907,1.211228484576849,121122.8484576849,6056.142422884245,True,0.6468810988303605,scipy_fallback
2026-07-06,TRV,Financials,0.366894878792122,-0.009172888826627035,-0.0033654859342189362,0.0023968280327110692,1.214131590962701,121413.1590962701,44545.866290394646,True,0.6574401832304931,scipy_fallback
2026-07-06,MS,Financials,0.11936460684105246,0.03819014655074904,0.004558551828232334,0.0023968280327110692,1.214131590962701,121413.1590962701,14492.434000856432,True,0.6574401832304931,scipy_fallback
2026-07-06,CVS,Healthcare,0.09667911601522725,-0.025210082801576106,-0.0024372885199270616,0.0023968280327110692,1.214131590962701,121413.1590962701,11738.11689404354,True,0.6574401832304931,scipy_fallback
2026-07-06,ABBV,Healthcare,0.07183300821472557,-0.024169850279264327,-0.0017361930536590815,0.0023968280327110692,1.214131590962701,121413.1590962701,8721.472454738154,True,0.6574401832304931,scipy_fallback
2026-07-06,MPC,Energy,0.06269770372244303,0.009911736361668533,0.0006214431097788591,0.0023968280327110692,1.214131590962701,121413.1590962701,7612.326277023782,True,0.6574401832304931,scipy_fallback
2026-07-06,MU,Technology,0.06230237492443302,0.009575488371682761,0.0005965756666171279,0.0023968280327110692,1.214131590962701,121413.1590962701,7564.328158775655,True,0.6574401832304931,scipy_fallback
2026-07-06,KO,ConsumerStaples,0.06176905439268475,-0.014024197800233118,-0.0008662614367363693,0.0023968280327110692,1.214131590962701,121413.1590962701,7499.576028205195,True,0.6574401832304931,scipy_fallback
2026-07-06,AMD,Technology,0.05845925709731197,0.06610401294772261,0.0038643914880749555,0.0023968280327110692,1.214131590962701,121413.1590962701,7097.723082605696,True,0.6574401832304931,scipy_fallback
2026-07-06,VLO,Energy,0.05,0.009560899303927561,0.00047804496519637807,0.0023968280327110692,1.214131590962701,121413.1590962701,6070.657954813505,True,0.6574401832304931,scipy_fallback
2026-07-06,PM,ConsumerStaples,0.05,0.013660998387057255,0.0006830499193528627,0.0023968280327110692,1.214131590962701,121413.1590962701,6070.657954813505,True,0.6574401832304931,scipy_fallback
2026-07-07,TRV,Financials,0.3275146809947413,0.013444589562311648,0.004403300461605728,0.0006608922562639759,1.2149340011292535,121493.40011292536,39790.87218095121,True,0.6478164760881352,scipy_fallback
2026-07-07,MS,Financials,0.16626025109616896,-0.0002702430114687182,-4.493067094377396e-05,0.0006608922562639759,1.2149340011292535,121493.40011292536,20199.523209302293,True,0.6478164760881352,scipy_fallback
2026-07-07,KO,ConsumerStaples,0.11194751217015349,0.013138860083782067,0.0014708626991311367,0.0006608922562639759,1.2149340011292535,121493.40011292536,13600.883887735039,True,0.6478164760881352,scipy_fallback
2026-07-07,CVS,Healthcare,0.07123037193145347,0.022041501616919756,0.0015700243581009273,0.0006608922562639759,1.2149340011292535,121493.40011292536,8654.020077260564,True,0.6478164760881352,scipy_fallback
2026-07-07,VLO,Energy,0.057482946564239606,-0.015167254361129645,-0.0008718584719670455,0.0006608922562639759,1.2149340011292535,121493.40011292536,6983.79862659907,True,0.6478164760881352,scipy_fallback
2026-07-07,AMD,Technology,0.05632207434186294,-0.06510280452154371,-0.0036667249961261556,0.0006608922562639759,1.2149340011292535,121493.40011292536,6842.760313205881,True,0.6478164760881352,scipy_fallback
2026-07-07,MPC,Energy,0.05592781226418844,-0.009888859120872784,-0.0005530622564191806,0.0006608922562639759,1.2149340011292535,121493.40011292536,6794.86007285362,True,0.6478164760881352,scipy_fallback
2026-07-07,MU,Technology,0.05191349972846124,-0.04708808846629853,-0.0024445074678089472,0.0006608922562639759,1.2149340011292535,121493.40011292536,6307.147593772183,True,0.6478164760881352,scipy_fallback
2026-07-07,ABBV,Healthcare,0.051400850908730596,-0.00043177833014462763,-2.2193773573384663e-05,0.0006608922562639759,1.2149340011292535,121493.40011292536,6244.864145599229,True,0.6478164760881352,scipy_fallback
2026-07-07,PM,ConsumerStaples,0.05,0.016399647485293434,0.0008199823742646717,0.0006608922562639759,1.2149340011292535,121493.40011292536,6074.670005646269,True,0.6478164760881352,scipy_fallback
2026-07-08,TRV,Financials,0.320038640483482,-0.01684468203781797,-0.005390949138759793,-0.0032981822532823736,1.2109269273678196,121092.69273678196,38754.34075596371,True,0.6217899551982404,scipy_fallback
2026-07-08,MS,Financials,0.14884571710765532,-0.0178795556755732,-0.0026612952860969414,-0.0032981822532823736,1.2109269273678196,121092.69273678196,18024.128686903274,True,0.6217899551982404,scipy_fallback
2026-07-08,KO,ConsumerStaples,0.13989781323825043,-0.0077334522603530464,-0.0010818930600057961,-0.0032981822532823736,1.2109269273678196,121092.69273678196,16940.602913007166,True,0.6217899551982404,scipy_fallback
2026-07-08,MPC,Energy,0.09121782917061211,0.05388055294159555,0.004914867073844585,-0.0032981822532823736,1.2109269273678196,121092.69273678196,11045.812559873199,True,0.6217899551982404,scipy_fallback
2026-07-08,ABBV,Healthcare,0.050000000000000024,-0.007500425598219729,-0.0003750212799109866,-0.0032981822532823736,1.2109269273678196,121092.69273678196,6054.6346368391005,True,0.6217899551982404,scipy_fallback
2026-07-08,TRGP,Energy,0.05000000000000001,0.014791256527834973,0.0007395628263917488,-0.0032981822532823736,1.2109269273678196,121092.69273678196,6054.634636839099,True,0.6217899551982404,scipy_fallback
2026-07-08,PM,ConsumerStaples,0.05000000000000001,-0.003833995354678099,-0.000191699767733905,-0.0032981822532823736,1.2109269273678196,121092.69273678196,6054.634636839099,True,0.6217899551982404,scipy_fallback
2026-07-08,MU,Technology,0.05,0.01110422521359844,0.000555211260679922,-0.0032981822532823736,1.2109269273678196,121092.69273678196,6054.634636839099,True,0.6217899551982404,scipy_fallback
2026-07-08,AMD,Technology,0.05,0.0025188193018261806,0.00012594096509130904,-0.0032981822532823736,1.2109269273678196,121092.69273678196,6054.634636839099,True,0.6217899551982404,scipy_fallback
2026-07-08,CVS,Healthcare,0.05,0.0013418830643496804,6.709415321748402e-05,-0.0032981822532823736,1.2109269273678196,121092.69273678196,6054.634636839099,True,0.6217899551982404,scipy_fallback
2026-07-09,TRV,Financials,0.29310168043334445,-0.0013611050349741083,-0.0003989421729971972,0.00379287320538242,1.215519819664309,121551.98196643092,35627.09017436448,True,0.6396514817857115,scipy_fallback
2026-07-09,KO,ConsumerStaples,0.19409364547244012,-0.009232726115884105,-0.0017920134694805485,0.00379287320538242,1.215519819664309,121551.98196643092,23592.46729426488,True,0.6396514817857115,scipy_fallback
2026-07-09,MS,Financials,0.13759962999607925,0.018617839365614897,0.0025618078080350487,0.00379287320538242,1.215519819664309,121551.98196643092,16725.507743870992,True,0.6396514817857115,scipy_fallback
2026-07-09,PSX,Energy,0.0691840587284898,0.010702313601834268,0.0007404294927600173,0.00379287320538242,1.215519819664309,121551.98196643092,8409.45945892989,True,0.6396514817857115,scipy_fallback
2026-07-09,MPC,Energy,0.05602098536964617,0.009334503680521022,0.0005229280941193765,0.00379287320538242,1.215519819664309,121551.98196643092,6809.461803392922,True,0.6396514817857115,scipy_fallback
2026-07-09,PM,ConsumerStaples,0.05000000000000004,-0.03153904380325323,-0.0015769521901626627,0.00379287320538242,1.215519819664309,121551.98196643092,6077.599098321551,True,0.6396514817857115,scipy_fallback
2026-07-09,ABBV,Healthcare,0.05000000000000002,-0.01119727261202308,-0.0005598636306011542,0.00379287320538242,1.215519819664309,121551.98196643092,6077.599098321548,True,0.6396514817857115,scipy_fallback
2026-07-09,AMD,Technology,0.05000000000000001,0.056647531125973094,0.0028323765562986553,0.00379287320538242,1.215519819664309,121551.98196643092,6077.599098321547,True,0.6396514817857115,scipy_fallback
2026-07-09,MU,Technology,0.05,0.04515179954325266,0.002257589977162633,0.00379287320538242,1.215519819664309,121551.98196643092,6077.599098321546,True,0.6396514817857115,scipy_fallback
2026-07-09,CVS,Healthcare,0.05,-0.015889745195034943,-0.0007944872597517472,0.00379287320538242,1.215519819664309,121551.98196643092,6077.599098321546,True,0.6396514817857115,scipy_fallback
2026-07-10,TRV,Financials,0.34111225386809363,0.004266906454257535,0.0014554940776561037,0.0034545128593912195,1.2197188485121844,121971.88485121843,41606.104550138705,True,0.6415657286682517,scipy_fallback
2026-07-10,KO,ConsumerStaples,0.14702682940991346,0.010407909543122651,0.0015302419409105044,0.0034545128593912195,1.2197188485121844,121971.88485121843,17933.1395068257,True,0.6415657286682517,scipy_fallback
2026-07-10,MS,Financials,0.13090549865567583,0.0006752400137728376,8.839263071519873e-05,0.0034545128593912195,1.2197188485121844,121971.88485121843,15966.790408421422,True,0.6415657286682517,scipy_fallback
2026-07-10,PSX,Energy,0.06837410494462079,-0.007691545570900349,-0.0005259025440510737,0.0034545128593912195,1.2197188485121844,121971.88485121843,8339.718455110411,True,0.6415657286682517,scipy_fallback
2026-07-10,MPC,Energy,0.06258131312169626,0.0015530645697019452,9.71928201347299e-05,0.0034545128593912195,1.2197188485121844,121971.88485121843,7633.160717917582,True,0.6415657286682517,scipy_fallback
2026-07-10,MU,Technology,0.05000000000000001,-0.012444059006476826,-0.0006222029503238414,0.0034545128593912195,1.2197188485121844,121971.88485121843,6098.594242560923,True,0.6415657286682517,scipy_fallback
2026-07-10,PM,ConsumerStaples,0.05000000000000001,0.0024838381232556994,0.000124191906162785,0.0034545128593912195,1.2197188485121844,121971.88485121843,6098.594242560923,True,0.6415657286682517,scipy_fallback
2026-07-10,AMD,Technology,0.05,0.020431015042210676,0.0010215507521105338,0.0034545128593912195,1.2197188485121844,121971.88485121843,6098.594242560922,True,0.6415657286682517,scipy_fallback
2026-07-10,ABBV,Healthcare,0.05,-0.007322681366634054,-0.0003661340683317027,0.0034545128593912195,1.2197188485121844,121971.88485121843,6098.594242560922,True,0.6415657286682517,scipy_fallback
2026-07-10,CVS,Healthcare,0.05,0.013033765888159632,0.0006516882944079816,0.0034545128593912195,1.2197188485121844,121971.88485121843,6098.594242560922,True,0.6415657286682517,scipy_fallback
2026-07-13,TRV,Financials,0.3409077849444501,0.007641926329227999,0.00260519217760579,0.0059334402189288255,1.2269559773837322,122695.59773837322,41827.8844474241,True,0.641287221160194,scipy_fallback
2026-07-13,KO,ConsumerStaples,0.14727496474317792,0.009102902119993317,0.0013406295887826152,0.0059334402189288255,1.2269559773837322,122695.59773837322,18069.989831062056,True,0.641287221160194,scipy_fallback
2026-07-13,MS,Financials,0.13066382193328782,-0.005353616070470246,-0.0006995239369311123,0.0059334402189288255,1.2269559773837322,122695.59773837322,16031.87573488511,True,0.641287221160194,scipy_fallback
2026-07-13,PSX,Energy,0.07005680305344555,0.052718225341936265,0.0036932703301071914,0.0059334402189288255,1.2269559773837322,122695.59773837322,8595.661326281992,True,0.641287221160194,scipy_fallback
2026-07-13,MPC,Energy,0.06109662532563867,0.04631013794672101,0.002829393146909455,0.0059334402189288255,1.2269559773837322,122695.59773837322,7496.286964126668,True,0.641287221160194,scipy_fallback
2026-07-13,MU,Technology,0.05000000000000001,-0.04319410632108711,-0.002159705316054356,0.0059334402189288255,1.2269559773837322,122695.59773837322,6134.779886918663,True,0.641287221160194,scipy_fallback
2026-07-13,AMD,Technology,0.05,-0.04212299805152253,-0.0021061499025761266,0.0059334402189288255,1.2269559773837322,122695.59773837322,6134.779886918662,True,0.641287221160194,scipy_fallback
2026-07-13,PM,ConsumerStaples,0.05,-0.007873542089121721,-0.0003936771044560861,0.0059334402189288255,1.2269559773837322,122695.59773837322,6134.779886918662,True,0.641287221160194,scipy_fallback
2026-07-13,ABBV,Healthcare,0.05,-0.0003224874274194711,-1.6124371370973558e-05,0.0059334402189288255,1.2269559773837322,122695.59773837322,6134.779886918662,True,0.641287221160194,scipy_fallback
2026-07-13,CVS,Healthcare,0.05,0.016802712138248577,0.0008401356069124288,0.0059334402189288255,1.2269559773837322,122695.59773837322,6134.779886918662,True,0.641287221160194,scipy_fallback
2026-07-14,TRV,Financials,0.37769239866803256,-0.01370395975062022,-0.005175881429461925,0.002178637657909227,1.2296290698806571,122962.90698806572,46442.155287516725,True,0.6664982952340852,scipy_fallback
2026-07-14,CVS,Healthcare,0.1352992825821274,0.0026439784503504704,0.00035772838749502356,0.002178637657909227,1.2296290698806571,122962.90698806572,16636.793099698152,True,0.6664982952340852,scipy_fallback
2026-07-14,MPC,Energy,0.10984753170633395,0.021961635194194695,0.002412431418317241,0.002178637657909227,1.2296290698806571,122962.90698806572,13507.171824074541,True,0.6664982952340852,scipy_fallback
2026-07-14,MU,Technology,0.0655270691162019,0.04922091261172623,0.0032253021426711186,0.002178637657909227,1.2296290698806571,122962.90698806572,8057.398904936088,True,0.6664982952340852,scipy_fallback
2026-07-14,AMD,Technology,0.05603827293471755,0.025711539994650146,0.0014408302957921112,0.002178637657909227,1.2296290698806571,122962.90698806572,6890.628942643515,True,0.6664982952340852,scipy_fallback
2026-07-14,MS,Financials,0.055595444992586666,0.029761631308192982,0.0016546111362842882,0.002178637657909227,1.2296290698806571,122962.90698806572,6836.177531583558,True,0.6664982952340852,scipy_fallback
2026-07-14,ABBV,Healthcare,0.05000000000000002,-0.012983841489239811,-0.0006491920744619908,0.002178637657909227,1.2296290698806571,122962.90698806572,6148.145349403288,True,0.6664982952340852,scipy_fallback
2026-07-14,PSX,Energy,0.05000000000000001,0.015936224159238455,0.0007968112079619229,0.002178637657909227,1.2296290698806571,122962.90698806572,6148.145349403288,True,0.6664982952340852,scipy_fallback
2026-07-14,MO,ConsumerStaples,0.05000000000000001,-0.023792881386971332,-0.0011896440693485667,0.002178637657909227,1.2296290698806571,122962.90698806572,6148.145349403288,True,0.6664982952340852,scipy_fallback
2026-07-14,KO,ConsumerStaples,0.05,-0.013887187146799929,-0.0006943593573399964,0.002178637657909227,1.2296290698806571,122962.90698806572,6148.145349403287,True,0.6664982952340852,scipy_fallback
2026-07-15,KO,ConsumerStaples,0.3001197670763108,-0.007583186457037039,-0.0022758641531821903,-0.008224328886525165,1.2195161960015266,121951.61960015266,36600.09166897667,True,0.5853102064135685,scipy_fallback
2026-07-15,MS,Financials,0.12786308697135815,0.003865314508572526,0.0004942310451812613,-0.008224328886525165,1.2195161960015266,121951.61960015266,15593.110543232304,True,0.5853102064135685,scipy_fallback
2026-07-15,MPC,Energy,0.12116653464907848,-0.013908995192272289,-0.0016853047478983263,-0.008224328886525165,1.2195161960015266,121951.61960015266,14776.455141793134,True,0.5853102064135685,scipy_fallback
2026-07-15,CVS,Healthcare,0.11554543733432147,-0.0025428016467227144,-0.00029380912832500884,-0.008224328886525165,1.2195161960015266,121951.61960015266,14090.953220328449,True,0.5853102064135685,scipy_fallback
2026-07-15,GS,Financials,0.07272858302014698,0.010587661196993725,0.0007700255963547469,-0.008224328886525165,1.2195161960015266,121951.61960015266,8869.368490531086,True,0.5853102064135685,scipy_fallback
2026-07-15,ABBV,Healthcare,0.05634516784923342,0.004361232443054197,0.00024573437403341107,-0.008224328886525165,1.2195161960015266,121951.61960015266,6871.3844758564655,True,0.5853102064135685,scipy_fallback
2026-07-15,PM,ConsumerStaples,0.05623142309955072,0.028019369253075466,0.001575569007452229,-0.008224328886525165,1.2195161960015266,121951.61960015266,6857.513119411646,True,0.5853102064135685,scipy_fallback
2026-07-15,AMD,Technology,0.050000000000000024,-0.03464504782662825,-0.0017322523913314133,-0.008224328886525165,1.2195161960015266,121951.61960015266,6097.580980007636,True,0.5853102064135685,scipy_fallback
2026-07-15,MU,Technology,0.05,-0.08019363476674568,-0.004009681738337284,-0.008224328886525165,1.2195161960015266,121951.61960015266,6097.580980007633,True,0.5853102064135685,scipy_fallback
2026-07-15,PSX,Energy,0.05,-0.026259535009451773,-0.0013129767504725888,-0.008224328886525165,1.2195161960015266,121951.61960015266,6097.580980007633,True,0.5853102064135685,scipy_fallback
2026-07-16,MPC,Energy,0.18270436793480602,0.022294297906463978,0.0040732656075507705,0.004374429677876771,1.224850883841967,122485.0883841967,22378.560654673507,True,0.5638670875660302,scipy_fallback
2026-07-16,CVS,Healthcare,0.1659144622983349,0.005570719308910732,0.0009242628987528759,0.004374429677876771,1.224850883841967,122485.0883841967,20322.04757882802,True,0.5638670875660302,scipy_fallback
2026-07-16,KO,ConsumerStaples,0.15071932837334426,0.029957603160894353,0.004515189828085172,0.004374429677876771,1.224850883841967,122485.0883841967,18460.87025701584,True,0.5638670875660302,scipy_fallback
2026-07-16,MS,Financials,0.13324373724728258,-0.044541738113604845,-0.005934907649746436,0.004374429677876771,1.224850883841967,122485.0883841967,16320.37093337409,True,0.5638670875660302,scipy_fallback
2026-07-16,PM,ConsumerStaples,0.11154557970727713,0.04953555513713681,0.005525472213893715,0.004374429677876771,1.224850883841967,122485.0883841967,13662.670189312297,True,0.5638670875660302,scipy_fallback
2026-07-16,AMD,Technology,0.054551839266007096,-0.05329404585999309,-0.002907288223589554,0.004374429677876771,1.224850883841967,122485.0883841967,6681.786854017371,True,0.5638670875660302,scipy_fallback
2026-07-16,ABBV,Healthcare,0.051320685172948036,0.0421121574437493,0.002161224774124278,0.004374429677876771,1.224850883841967,122485.0883841967,6286.018659346073,True,0.5638670875660302,scipy_fallback
2026-07-16,MU,Technology,0.05,-0.05648694589613035,-0.0028243472948065174,0.004374429677876771,1.224850883841967,122485.0883841967,6124.254419209836,True,0.5638670875660302,scipy_fallback
2026-07-16,VLO,Energy,0.05,0.025968798793756687,0.0012984399396878345,0.004374429677876771,1.224850883841967,122485.0883841967,6124.254419209836,True,0.5638670875660302,scipy_fallback
2026-07-16,GS,Financials,0.05,-0.049137648321507355,-0.002456882416075368,0.004374429677876771,1.224850883841967,122485.0883841967,6124.254419209836,True,0.5638670875660302,scipy_fallback
2026-07-17,TRV,Financials,0.26100854763509096,0.09223848365042397,0.024075032653660244,0.021326573847879504,1.2509727566688633,125097.27566688633,32651.458234920607,True,0.6332787225757287,scipy_fallback
2026-07-17,MS,Financials,0.145004136484683,-0.013142788729203936,-0.0019057587306788408,0.021326573847879504,1.2509727566688633,125097.27566688633,18139.622434663197,True,0.6332787225757287,scipy_fallback
2026-07-17,KO,ConsumerStaples,0.1440751592824635,-0.03956669055664863,-0.005700577244229096,0.021326573847879504,1.2509727566688633,125097.27566688633,18023.409917508892,True,0.6332787225757287,scipy_fallback
2026-07-17,MPC,Energy,0.11382990514240852,0.022069639527886986,0.0025121849739865253,0.021326573847879504,1.2509727566688633,125097.27566688633,14239.811022735401,True,0.6332787225757287,scipy_fallback
2026-07-17,CVS,Healthcare,0.07193322506547796,0.009108012604662541,0.0006551687205904006,0.021326573847879504,1.2509727566688633,125097.27566688633,8998.650485624274,True,0.6332787225757287,scipy_fallback
2026-07-17,PM,ConsumerStaples,0.06414902638987593,0.016540241520336174,0.0010610403897829668,0.021326573847879504,1.2509727566688633,125097.27566688633,8024.868438056676,True,0.6332787225757287,scipy_fallback
2026-07-17,MU,Technology,0.05,-0.004981246998586264,-0.0002490623499293132,0.021326573847879504,1.2509727566688633,125097.27566688633,6254.863783344317,True,0.6332787225757287,scipy_fallback
2026-07-17,AMD,Technology,0.05,-0.01034054507632809,-0.0005170272538164045,0.021326573847879504,1.2509727566688633,125097.27566688633,6254.863783344317,True,0.6332787225757287,scipy_fallback
2026-07-17,PSX,Energy,0.05,0.02751833256362679,0.0013759166281813397,0.021326573847879504,1.2509727566688633,125097.27566688633,6254.863783344317,True,0.6332787225757287,scipy_fallback
2026-07-17,ABBV,Healthcare,0.05,0.0003931212066337064,1.9656060331685322e-05,0.021326573847879504,1.2509727566688633,125097.27566688633,6254.863783344317,True,0.6332787225757287,scipy_fallback
2026-07-20,TRV,Financials,0.21203644641470362,-0.0013009625263703528,-0.0002758514710102648,-0.0009100182740973731,1.2498343485998966,124983.43485998966,26501.043388415797,True,0.6240249471071877,scipy_fallback
2026-07-20,MS,Financials,0.17726567347864575,-0.021160085406982443,-0.0037509567905344063,-0.0009100182740973731,1.2498343485998966,124983.43485998966,22155.272754130518,True,0.6240249471071877,scipy_fallback
2026-07-20,PM,ConsumerStaples,0.1136578702541191,-0.0013472614394862692,-0.0001531268658875081,-0.0009100182740973731,1.2498343485998966,124983.43485998966,14205.35102323085,True,0.6240249471071877,scipy_fallback
2026-07-20,MPC,Energy,0.1063825149821289,0.008669245933504044,0.000922256185404754,-0.0009100182740973731,1.2498343485998966,124983.43485998966,13296.052131510782,True,0.6240249471071877,scipy_fallback
2026-07-20,CVS,Healthcare,0.09021798518317992,0.0013026766336869944,0.00011752486123644796,-0.0009100182740973731,1.2498343485998966,124983.43485998966,11275.75367434148,True,0.6240249471071877,scipy_fallback
2026-07-20,ABBV,Healthcare,0.08738963728464673,-0.004361666809667208,-0.0003811644804532996,-0.0009100182740973731,1.2498343485998966,124983.43485998966,10922.257039003769,True,0.6240249471071877,scipy_fallback
2026-07-20,MO,ConsumerStaples,0.06304987240257602,0.006063852877381981,0.0003823251501869274,-0.0009100182740973731,1.2498343485998966,124983.43485998966,7880.18962035802,True,0.6240249471071877,scipy_fallback
2026-07-20,MU,Technology,0.05,0.019447564082959,0.0009723782041479502,-0.0009100182740973731,1.2498343485998966,124983.43485998966,6249.171742999483,True,0.6240249471071877,scipy_fallback
2026-07-20,AMD,Technology,0.05,0.01575358521209891,0.0007876792606049455,-0.0009100182740973731,1.2498343485998966,124983.43485998966,6249.171742999483,True,0.6240249471071877,scipy_fallback
2026-07-20,PSX,Energy,0.05,0.009378353444141618,0.0004689176722070809,-0.0009100182740973731,1.2498343485998966,124983.43485998966,6249.171742999483,True,0.6240249471071877,scipy_fallback
2026-07-21,TRV,Financials,0.20595225136958634,0.003066512967073498,0.0006315552494228172,0.018354761314858872,1.27277475975156,127277.47597515599,26213.08272572181,True,0.6107614121874576,scipy_fallback
2026-07-21,MPC,Energy,0.14942476680709407,0.014113053693929345,0.00210883975715139,0.018354761314858872,1.27277475975156,127277.47597515599,19018.4071673832,True,0.6107614121874576,scipy_fallback
2026-07-21,CVS,Healthcare,0.1448698235978287,0.027785525822246582,0.004025284224441777,0.018354761314858872,1.27277475975156,127277.47597515599,18438.66549249773,True,0.6107614121874576,scipy_fallback
2026-07-21,MS,Financials,0.11837810339729342,0.025884093967610378,0.00306410995204304,0.018354761314858872,1.27277475975156,127277.47597515599,15066.866211133545,True,0.6107614121874576,scipy_fallback
2026-07-21,PM,ConsumerStaples,0.10228874372393881,-0.024283976260516704,-0.0024839774243102073,0.018354761314858872,1.27277475975156,127277.47597515599,13019.05312185251,True,0.6107614121874576,scipy_fallback
2026-07-21,ABBV,Healthcare,0.07635246281218565,0.010734869241008749,0.000819633704517796,0.018354761314858872,1.27277475975156,127277.47597515599,9717.94875122195,True,0.6107614121874576,scipy_fallback
2026-07-21,MU,Technology,0.052733848292073025,0.1217387085210635,0.0064197505864226605,0.018354761314858872,1.27277475975156,127277.47597515599,6711.831109071845,True,0.6107614121874576,scipy_fallback
2026-07-21,MO,ConsumerStaples,0.05000000000000001,-0.022368145518257276,-0.001118407275912864,0.018354761314858872,1.27277475975156,127277.47597515599,6363.873798757801,True,0.6107614121874576,scipy_fallback
2026-07-21,AMD,Technology,0.05,0.08114062544883693,0.004057031272441847,0.018354761314858872,1.27277475975156,127277.47597515599,6363.8737987578,True,0.6107614121874576,scipy_fallback
2026-07-21,PSX,Energy,0.05,0.01661882537281234,0.0008309412686406171,0.018354761314858872,1.27277475975156,127277.47597515599,6363.8737987578,True,0.6107614121874576,scipy_fallback
2026-07-22,TRV,Financials,0.21294651469800951,0.006628162620334166,0.0014114441288517866,-0.002869959314440092,1.2691219479746267,126912.19479746267,27025.50955479453,True,0.6081832153700614,scipy_fallback
2026-07-22,MPC,Energy,0.1739157127995558,-0.01232170548718936,-0.002142938192710736,-0.002869959314440092,1.2691219479746267,126912.19479746267,22072.0248211568,True,0.6081832153700614,scipy_fallback
2026-07-22,CVS,Healthcare,0.16141968780354057,-0.022784800110610126,-0.0036779153205207635,-0.002869959314440092,1.2691219479746267,126912.19479746267,20486.12686266855,True,0.6081832153700614,scipy_fallback
2026-07-22,ABBV,Healthcare,0.08569546153275427,-0.010933240863048033,-0.0009369291218076698,-0.002869959314440092,1.2691219479746267,126912.19479746267,10875.799107303379,True,0.6081832153700614,scipy_fallback
2026-07-22,MS,Financials,0.07758745027758278,0.009704240869252478,0.0007529273059248134,-0.002869959314440092,1.2691219479746267,126912.19479746267,9846.793603467035,True,0.6081832153700614,scipy_fallback
2026-07-22,PM,ConsumerStaples,0.07017252080047458,0.0332908423161844,0.002336102324897769,-0.002869959314440092,1.2691219479746267,126912.19479746267,8905.748629258831,True,0.6081832153700614,scipy_fallback
2026-07-22,MU,Technology,0.059730188346353554,-0.0116808746934709,-0.0006977008454911716,-0.002869959314440092,1.2691219479746267,126912.19479746267,7580.489298701556,True,0.6081832153700614,scipy_fallback
2026-07-22,AMD,Technology,0.058532463741728914,0.014510634095001196,0.0008493431640351529,-0.002869959314440092,1.2691219479746267,126912.19479746267,7428.4834403657205,True,0.6081832153700614,scipy_fallback
2026-07-22,PSX,Energy,0.050000000000000024,-0.004051487070058868,-0.00020257435350294349,-0.002869959314440092,1.2691219479746267,126912.19479746267,6345.609739873136,True,0.6081832153700614,scipy_fallback
2026-07-22,MO,ConsumerStaples,0.05,-0.011234368082326585,-0.0005617184041163293,-0.002869959314440092,1.2691219479746267,126912.19479746267,6345.609739873134,True,0.6081832153700614,scipy_fallback
2026-07-23,TRV,Financials,0.18921727396891552,0.011529801437324183,0.0021816375973733658,-0.0015861531606893927,1.2671089261855464,126710.89261855464,23975.88968345089,True,0.6176861135626494,scipy_fallback
2026-07-23,JPM,Financials,0.17934866337578587,0.004853400197806446,0.0008704508383043608,-0.0015861531606893927,1.2671089261855464,126710.89261855464,22725.429226290507,True,0.6176861135626494,scipy_fallback
2026-07-23,PM,ConsumerStaples,0.12317698001435452,-0.016366484223488298,-0.0020159741001018667,-0.0015861531606893927,1.2671089261855464,126710.89261855464,15607.865087676728,True,0.6176861135626494,scipy_fallback
2026-07-23,MPC,Energy,0.11903802789557423,-0.011240603802265547,-0.001338059308977184,-0.0015861531606893927,1.2671089261855464,126710.89261855464,15083.41477020062,True,0.6176861135626494,scipy_fallback
2026-07-23,KO,ConsumerStaples,0.10703077953903864,-0.012530381059790763,-0.0013411364527506104,-0.0015861531606893927,1.2671089261855464,126710.89261855464,13561.965613051321,True,0.6176861135626494,scipy_fallback
2026-07-23,CVS,Healthcare,0.0725473553188556,-0.004887599696543066,-0.00035458243184144063,-0.0015861531606893927,1.2671089261855464,126710.89261855464,9192.540149567641,True,0.6176861135626494,scipy_fallback
2026-07-23,MU,Technology,0.058442592997440514,0.03202780894802326,0.0018717882029491068,-0.0015861531606893927,1.2671089261855464,126710.89261855464,7405.3131256485785,True,0.6176861135626494,scipy_fallback
2026-07-23,ABBV,Healthcare,0.05119832689003516,0.01429139491655218,0.0007316955086522252,-0.0015861531606893927,1.2671089261855464,126710.89261855464,6487.385700812903,True,0.6176861135626494,scipy_fallback
2026-07-23,PSX,Energy,0.050000000000000024,-0.020954564920244945,-0.0010477282460122476,-0.0015861531606893927,1.2671089261855464,126710.89261855464,6335.544630927735,True,0.6176861135626494,scipy_fallback
2026-07-23,AMD,Technology,0.05,-0.02288489536570204,-0.001144244768285102,-0.0015861531606893927,1.2671089261855464,126710.89261855464,6335.544630927732,True,0.6176861135626494,scipy_fallback
2026-07-24,TRV,Financials,0.1943011132165572,0.0289344065094177,0.005621987395040258,0.0033064615368545544,1.271298573112984,127129.8573112984,24701.47279864735,True,0.59561890498522,scipy_fallback
2026-07-24,JPM,Financials,0.15992521134119034,0.009459838857765135,0.0015128667285816938,0.0033064615368545544,1.271298573112984,127129.8573112984,20331.26929828477,True,0.59561890498522,scipy_fallback
2026-07-24,PM,ConsumerStaples,0.13841739307790493,0.009836777578713152,0.0013615811087326602,0.0033064615368545544,1.271298573112984,127129.8573112984,17596.983431395958,True,0.59561890498522,scipy_fallback
2026-07-24,MPC,Energy,0.11486175302251518,-0.009703149250890886,-0.0011145207327964322,0.0033064615368545544,1.271298573112984,127129.8573112984,14602.358272277952,True,0.59561890498522,scipy_fallback
2026-07-24,CVS,Healthcare,0.09698058981813362,0.007952086060198926,0.0007711979964026503,0.0033064615368545544,1.271298573112984,127129.8573112984,12329.128545544885,True,0.59561890498522,scipy_fallback
2026-07-24,ABBV,Healthcare,0.08049050372669464,0.0094970099498084,0.0007644191147575091,0.0033064615368545544,1.271298573112984,127129.8573112984,10232.746253689222,True,0.59561890498522,scipy_fallback
2026-07-24,MU,Technology,0.065023435797004,-0.06994476750260314,-0.004548049099041887,0.0033064615368545544,1.271298573112984,127129.8573112984,8266.42011476349,True,0.59561890498522,scipy_fallback
2026-07-24,MO,ConsumerStaples,0.050000000000000024,0.01262480843681324,0.0006312404218406623,0.0033064615368545544,1.271298573112984,127129.8573112984,6356.492865564923,True,0.59561890498522,scipy_fallback
2026-07-24,AMD,Technology,0.05000000000000001,-0.032870703837618365,-0.0016435351918809185,0.0033064615368545544,1.271298573112984,127129.8573112984,6356.492865564921,True,0.59561890498522,scipy_fallback
2026-07-24,PSX,Energy,0.05000000000000001,-0.0010145240956328516,-5.072620478164259e-05,0.0033064615368545544,1.271298573112984,127129.8573112984,6356.492865564921,True,0.59561890498522,scipy_fallback
2026-07-27,TRV,Financials,0.1995059538393365,0.00797912592086747,0.0015918831276468387,0.0012327802261564887,1.2728658048554586,127286.58048554587,25394.430650716306,True,0.5790195348983211,scipy_fallback
2026-07-27,JPM,Financials,0.1920210431351198,0.008465277948779049,0.0016255115021532802,0.0012327802261564887,1.2728658048554586,127286.58048554587,24441.701961936902,True,0.5790195348983211,scipy_fallback
2026-07-27,PM,ConsumerStaples,0.13796435943606883,0.013782402394349136,0.0019014803178265198,0.0012327802261564887,1.2728658048554586,127286.58048554587,17561.011541495955,True,0.5790195348983211,scipy_fallback
2026-07-27,MPC,Energy,0.103171862454026,0.010056893736938965,0.0010375884573422226,0.0012327802261564887,1.2728658048554586,127286.58048554587,13132.393574098049,True,0.5790195348983211,scipy_fallback
2026-07-27,CVS,Healthcare,0.08756441124391359,-0.006218657715145737,-0.0005445331015541574,0.0012327802261564887,1.2728658048554586,127286.58048554587,11145.774479467846,True,0.5790195348983211,scipy_fallback
2026-07-27,ABBV,Healthcare,0.0722833400664305,-0.009446259360834652,-0.0006828071777349136,0.0012327802261564887,1.2728658048554586,127286.58048554587,9200.69918312979,True,0.5790195348983211,scipy_fallback
2026-07-27,MU,Technology,0.05748902982510459,-0.022531081736209768,-0.0012952900299248327,0.0012327802261564887,1.2728658048554586,127286.58048554587,7317.582021869122,True,0.5790195348983211,scipy_fallback
2026-07-27,MO,ConsumerStaples,0.05000000000000002,-0.0013700345275037273,-6.850172637518639e-05,0.0012327802261564887,1.2728658048554586,127286.58048554587,6364.3290242772955,True,0.5790195348983211,scipy_fallback
2026-07-27,PSX,Energy,0.05000000000000001,0.005078068750710818,0.00025390343753554093,0.0012327802261564887,1.2728658048554586,127286.58048554587,6364.329024277295,True,0.5790195348983211,scipy_fallback
2026-07-27,AMD,Technology,0.05,-0.05172909161517647,-0.0025864545807588236,0.0012327802261564887,1.2728658048554586,127286.58048554587,6364.329024277294,True,0.5790195348983211,scipy_fallback
2026-07-28,TRV,Financials,0.21819373162836492,0.017599502204605377,0.0038401010608244824,0.003688281094968905,1.2775604917399395,127756.04917399395,27875.569107370626,True,0.587564846246172,scipy_fallback
2026-07-28,JPM,Financials,0.1780362249642744,0.003116185607869415,0.0005547939219130734,0.003688281094968905,1.2775604917399395,127756.04917399395,22745.20471128809,True,0.587564846246172,scipy_fallback
2026-07-28,PM,ConsumerStaples,0.12656186109470866,0.02305016059707521,0.0029172712236977595,0.003688281094968905,1.2775604917399395,127756.04917399395,16169.04334956779,True,0.587564846246172,scipy_fallback
2026-07-28,KO,ConsumerStaples,0.11538434507164606,0.04995827954711851,0.00576440336645048,0.003688281094968905,1.2775604917399395,127756.04917399395,14741.0480628823,True,0.587564846246172,scipy_fallback
2026-07-28,MPC,Energy,0.09825470610829663,-0.0201697126402548,-0.0019817691877570313,0.003688281094968905,1.2775604917399395,127756.04917399395,12552.633065147867,True,0.587564846246172,scipy_fallback
2026-07-28,MU,Technology,0.059162631025365044,-0.08850253480315828,-0.005236042811368782,0.003688281094968905,1.2775604917399395,127756.04917399395,7558.383998539396,True,0.587564846246172,scipy_fallback
2026-07-28,CVS,Healthcare,0.05440650010734423,0.02120105211110923,0.001153475043958875,0.003688281094968905,1.2775604917399395,127756.04917399395,6950.759503098776,True,0.587564846246172,scipy_fallback
2026-07-28,AMD,Technology,0.05000000000000001,-0.08148301059738983,-0.004074150529869492,0.003688281094968905,1.2775604917399395,127756.04917399395,6387.802458699699,True,0.587564846246172,scipy_fallback
2026-07-28,PSX,Energy,0.05,-0.009479334852203869,-0.0004739667426101935,0.003688281094968905,1.2775604917399395,127756.04917399395,6387.802458699698,True,0.587564846246172,scipy_fallback
2026-07-28,ABBV,Healthcare,0.05,0.024483314994594663,0.0012241657497297333,0.003688281094968905,1.2775604917399395,127756.04917399395,6387.802458699698,True,0.587564846246172,scipy_fallback
2026-07-29,TRV,Financials,0.19661415311320213,-0.020668600406699045,-0.004063739364998317,-0.01890356583592626,1.2534100428749553,125341.00428749553,24643.81540834417,True,0.5734061173080109,scipy_fallback
2026-07-29,JPM,Financials,0.1879507705541543,-0.035263514006347974,-0.0066278046299403145,-0.01890356583592626,1.2534100428749553,125341.00428749553,23557.93833786634,True,0.5734061173080109,scipy_fallback
2026-07-29,KO,ConsumerStaples,0.15589254862852125,0.009176516742404273,0.0014305505825056976,-0.01890356583592626,1.2534100428749553,125341.00428749553,19539.728606036086,True,0.5734061173080109,scipy_fallback
2026-07-29,PM,ConsumerStaples,0.11848585916554229,-0.008642632479213597,-0.0010240297347516437,-0.01890356583592626,1.2534100428749553,125341.00428749553,14851.136581675826,True,0.5734061173080109,scipy_fallback
2026-07-29,MPC,Energy,0.08756972345339059,0.008724099891003645,0.0007639670148349442,-0.01890356583592626,1.2534100428749553,125341.00428749553,10976.077082826227,True,0.5734061173080109,scipy_fallback
2026-07-29,MU,Technology,0.05348694508518946,-0.09936263925250777,-0.005314604029218374,-0.01890356583592626,1.2534100428749553,125341.00428749553,6704.10741324777,True,0.5734061173080109,scipy_fallback
2026-07-29,PSX,Energy,0.05000000000000001,0.004663560011273216,0.00023317800056366084,-0.01890356583592626,1.2534100428749553,125341.00428749553,6267.050214374777,True,0.5734061173080109,scipy_fallback
2026-07-29,ABBV,Healthcare,0.05000000000000001,0.00037984643351340885,1.8992321675670445e-05,-0.01890356583592626,1.2534100428749553,125341.00428749553,6267.050214374777,True,0.5734061173080109,scipy_fallback
2026-07-29,AMD,Technology,0.05,-0.055122955056418066,-0.0027561477528209033,-0.01890356583592626,1.2534100428749553,125341.00428749553,6267.050214374776,True,0.5734061173080109,scipy_fallback
2026-07-29,CVS,Healthcare,0.05,-0.0312785648755336,-0.00156392824377668,-0.01890356583592626,1.2534100428749553,125341.00428749553,6267.050214374776,True,0.5734061173080109,scipy_fallback
2026-07-30,TRV,Financials,0.2044405215417311,-0.03346960392315723,-0.006842543281845434,0.008696238951600817,1.264309996112132,126430.9996112132,25847.61949955883,True,0.4957223713522165,scipy_fallback
2026-07-30,KO,ConsumerStaples,0.20271985455976932,-0.006623366150191989,-0.0013426878226630193,0.008696238951600817,1.264309996112132,126430.9996112132,25630.073853031394,True,0.4957223713522165,scipy_fallback
2026-07-30,JPM,Financials,0.13371745374713798,0.017812116853705096,0.002381790911523928,0.008696238951600817,1.264309996112132,126430.9996112132,16906.031342716822,True,0.4957223713522165,scipy_fallback
2026-07-30,MPC,Energy,0.1026344594624536,0.017362023521206638,0.0017819418992734487,0.008696238951600817,1.264309996112132,126430.9996112132,12976.177304394549,True,0.4957223713522165,scipy_fallback
2026-07-30,PM,ConsumerStaples,0.08453834516632779,-0.03245314635242358,-0.002743535288074536,0.008696238951600817,1.264309996112132,126430.9996112132,10688.267484856597,True,0.4957223713522165,scipy_fallback
2026-07-30,ABBV,Healthcare,0.0719493655225802,-0.022369861009984726,-0.0016094973064967062,0.008696238951600817,1.264309996112132,126430.9996112132,9096.630204412375,True,0.4957223713522165,scipy_fallback
2026-07-30,VLO,Energy,0.05000000000000001,0.03448152805058102,0.0017240764025290515,0.008696238951600817,1.264309996112132,126430.9996112132,6321.549980560661,True,0.4957223713522165,scipy_fallback
2026-07-30,MU,Technology,0.05,0.1835723587882696,0.009178617939413481,0.008696238951600817,1.264309996112132,126430.9996112132,6321.5499805606605,True,0.4957223713522165,scipy_fallback
2026-07-30,AMD,Technology,0.05,0.12997024259045054,0.006498512129522527,0.008696238951600817,1.264309996112132,126430.9996112132,6321.5499805606605,True,0.4957223713522165,scipy_fallback
2026-07-30,CVS,Healthcare,0.05,-0.006608732631638414,-0.00033043663158192075,0.008696238951600817,1.264309996112132,126430.9996112132,6321.5499805606605,True,0.4957223713522165,scipy_fallback
2026-07-31,TRV,Financials,0.21895754540393336,-0.004335234223184381,-0.0009492322442595798,-0.007924338508074037,1.2542911757237978,125429.11757237978,27463.65170582964,True,0.5141766770176498,scipy_fallback
2026-07-31,KO,ConsumerStaples,0.2151872559387039,-0.010170635800690109,-0.002188591209102447,-0.007924338508074037,1.2542911757237978,125429.11757237978,26990.74762521347,True,0.5141766770176498,scipy_fallback
2026-07-31,JPM,Financials,0.1404481050355913,0.002679214550530551,0.00037629060660579933,-0.007924338508074037,1.2542911757237978,125429.11757237978,17616.281879327125,True,0.5141766770176498,scipy_fallback
2026-07-31,MPC,Energy,0.1019214347977965,0.007609558764067881,0.0007755771474119454,-0.007924338508074037,1.2542911757237978,125429.11757237978,12783.915628398458,True,0.5141766770176498,scipy_fallback
2026-07-31,ABBV,Healthcare,0.06755778979104039,-0.025135003024964075,-0.0016980652507576873,-0.007924338508074037,1.2542911757237978,125429.11757237978,8473.713958630524,True,0.5141766770176498,scipy_fallback
2026-07-31,PM,ConsumerStaples,0.05387133007643553,-0.006145795186360714,-0.0003310821610666066,-0.007924338508074037,1.2542911757237978,125429.11757237978,6757.033393937711,True,0.5141766770176498,scipy_fallback
2026-07-31,CVS,Healthcare,0.05205653895649907,-0.007508086926080626,-0.00039084501955629746,-0.007924338508074037,1.2542911757237978,125429.11757237978,6529.40574518589,True,0.5141766770176498,scipy_fallback
2026-07-31,MU,Technology,0.05,-0.059028588746366184,-0.0029514294373183094,-0.007924338508074037,1.2542911757237978,125429.11757237978,6271.455878618989,True,0.5141766770176498,scipy_fallback
2026-07-31,VLO,Energy,0.05,0.007697062278724021,0.0003848531139362011,-0.007924338508074037,1.2542911757237978,125429.11757237978,6271.455878618989,True,0.5141766770176498,scipy_fallback
2026-07-31,AMD,Technology,0.05,-0.019036281079341077,-0.000951814053967054,-0.007924338508074037,1.2542911757237978,125429.11757237978,6271.455878618989,True,0.5141766770176498,scipy_fallback
2026-08-03,TRV,Financials,0.22613559273725373,-0.0014424268500470294,-0.0003261840507155148,-0.00610343122497692,1.2466356957966722,124663.56957966722,28190.87019963992,True,0.46467983306340854,scipy_fallback
2026-08-03,KO,ConsumerStaples,0.20490873675807025,-0.008334197882741812,-0.0017077499600444083,-0.00610343122497692,1.2466356957966722,124663.56957966722,25544.654562321404,True,0.46467983306340854,scipy_fallback
2026-08-03,JPM,Financials,0.1461406867246983,0.002416231509903888,0.0003531097321432088,-0.00610343122497692,1.2466356957966722,124663.56957966722,18218.419667924776,True,0.46467983306340854,scipy_fallback
2026-08-03,MPC,Energy,0.11020912684023512,-0.02982912406113769,-0.003287441717187033,-0.00610343122497692,1.2466356957966722,124663.56957966722,13739.063152162022,True,0.46467983306340854,scipy_fallback
2026-08-03,CVS,Healthcare,0.06001408835879486,0.009001268205106605,0.0005402029054024786,-0.00610343122497692,1.2466356957966722,124663.56957966722,7481.57047987692,True,0.46467983306340854,scipy_fallback
2026-08-03,PM,ConsumerStaples,0.05259176858094766,-0.01787026271472414,-0.0009398287211735094,-0.00610343122497692,1.2466356957966722,124663.56957966722,6556.277601808725,True,0.46467983306340854,scipy_fallback
2026-08-03,VLO,Energy,0.05000000000000001,-0.0171300270249789,-0.0008565013512489451,-0.00610343122497692,1.2466356957966722,124663.56957966722,6233.178478983363,True,0.46467983306340854,scipy_fallback
2026-08-03,MU,Technology,0.05,0.007861159948990393,0.00039305799744951967,-0.00610343122497692,1.2466356957966722,124663.56957966722,6233.178478983362,True,0.46467983306340854,scipy_fallback
2026-08-03,AMD,Technology,0.05,0.01783055940519218,0.0008915279702596091,-0.00610343122497692,1.2466356957966722,124663.56957966722,6233.178478983362,True,0.46467983306340854,scipy_fallback
2026-08-03,ABBV,Healthcare,0.05,-0.023272480597246514,-0.0011636240298623258,-0.00610343122497692,1.2466356957966722,124663.56957966722,6233.178478983362,True,0.46467983306340854,scipy_fallback
2026-08-04,TRV,Financials,0.23149607190581398,0.008907978278442474,0.0020621619800817483,0.011858257547494167,1.2614186229453288,126141.86229453288,29201.345624068468,True,0.42282707334671976,scipy_fallback
2026-08-04,KO,ConsumerStaples,0.21273531495905662,-0.0034538906612854303,-0.0007347645176627004,0.011858257547494167,1.2614186229453288,126141.86229453288,26834.828804749402,True,0.42282707334671976,scipy_fallback
2026-08-04,JPM,Financials,0.15865404381206608,0.013838402230386349,0.0021955184737487087,0.011858257547494167,1.2614186229453288,126141.86229453288,20012.916547012424,True,0.42282707334671976,scipy_fallback
2026-08-04,MPC,Energy,0.09131281083650052,0.01817410567186073,0.00165952867333719,0.011858257547494167,1.2614186229453288,126141.86229453288,11518.368010264578,True,0.42282707334671976,scipy_fallback
2026-08-04,VLO,Energy,0.05580175848656288,0.003869423191592336,0.00021592061841954087,0.011858257547494167,1.2614186229453288,126141.86229453288,7038.9377348047965,True,0.42282707334671976,scipy_fallback
2026-08-04,AMD,Technology,0.05000000000000001,0.0700313664071397,0.0035015683203569853,0.011858257547494167,1.2614186229453288,126141.86229453288,6307.093114726646,True,0.42282707334671976,scipy_fallback
2026-08-04,ABBV,Healthcare,0.05000000000000001,-0.0053039698873315055,-0.0002651984943665753,0.011858257547494167,1.2614186229453288,126141.86229453288,6307.093114726646,True,0.42282707334671976,scipy_fallback
2026-08-04,MU,Technology,0.05,0.07615428922261147,0.0038077144611305736,0.011858257547494167,1.2614186229453288,126141.86229453288,6307.093114726645,True,0.42282707334671976,scipy_fallback
2026-08-04,PM,ConsumerStaples,0.05,-0.0026679472292283624,-0.0001333973614614181,0.011858257547494167,1.2614186229453288,126141.86229453288,6307.093114726645,True,0.42282707334671976,scipy_fallback
2026-08-04,CVS,Healthcare,0.05,-0.009015892121797764,-0.0004507946060898882,0.011858257547494167,1.2614186229453288,126141.86229453288,6307.093114726645,True,0.42282707334671976,scipy_fallback
2026-08-05,KO,ConsumerStaples,0.2264038195448999,0.003119266364156381,0.0007062138190229374,-0.004028093985633309,1.2563375101768768,125633.75101768768,28443.961094157446,True,0.49688351938458053,scipy_fallback
2026-08-05,JPM,Financials,0.1980649697393457,0.004810923231028941,0.0009528753641720624,-0.004028093985633309,1.2563375101768768,125633.75101768768,24883.645093558804,True,0.49688351938458053,scipy_fallback
2026-08-05,TRV,Financials,0.18906702283424034,0.0140528749569373,0.0026569352303699887,-0.004028093985633309,1.2563375101768768,125633.75101768768,23753.199272412425,True,0.49688351938458053,scipy_fallback
2026-08-05,MPC,Energy,0.08646418788151394,-0.04753518920806854,-0.004110091530669752,-0.004028093985633309,1.2563375101768768,125633.75101768768,10862.820252252692,True,0.49688351938458053,scipy_fallback
2026-08-05,AMGN,Healthcare,0.05000000000000002,0.04566430091923279,0.00228321504596164,-0.004028093985633309,1.2563375101768768,125633.75101768768,6281.687550884386,True,0.49688351938458053,scipy_fallback
2026-08-05,AMD,Technology,0.05000000000000001,-0.0704424160072219,-0.0035221208003610957,-0.004028093985633309,1.2563375101768768,125633.75101768768,6281.687550884385,True,0.49688351938458053,scipy_fallback
2026-08-05,CVS,Healthcare,0.05000000000000001,-0.050756517097311216,-0.002537825854865561,-0.004028093985633309,1.2563375101768768,125633.75101768768,6281.687550884385,True,0.49688351938458053,scipy_fallback
2026-08-05,MU,Technology,0.05,0.000582543987369899,2.912719936849495e-05,-0.004028093985633309,1.2563375101768768,125633.75101768768,6281.687550884384,True,0.49688351938458053,scipy_fallback
2026-08-05,VLO,Energy,0.05,-0.020535730613410963,-0.001026786530670548,-0.004028093985633309,1.2563375101768768,125633.75101768768,6281.687550884384,True,0.49688351938458053,scipy_fallback
2026-08-05,PM,ConsumerStaples,0.05,0.010807281440770478,0.0005403640720385239,-0.004028093985633309,1.2563375101768768,125633.75101768768,6281.687550884384,True,0.49688351938458053,scipy_fallback
2026-08-06,TRV,Financials,0.23131599422574953,0.009282175690930705,0.0021471156985257197,3.585019762882642e-06,1.2563420141716795,125634.20141716795,29061.200209570274,True,0.47300351481309344,scipy_fallback
2026-08-06,JPM,Financials,0.20464777266460016,-0.008183950900032433,-0.001674827323288087,3.585019762882642e-06,1.2563420141716795,125634.20141716795,25710.759490519173,True,0.47300351481309344,scipy_fallback
2026-08-06,KO,ConsumerStaples,0.18591192040424548,0.00023025643849594601,4.280741666622336e-05,3.585019762882642e-06,1.2563420141716795,125634.20141716795,23356.895653919473,True,0.47300351481309344,scipy_fallback
2026-08-06,MPC,Energy,0.06937637571066543,0.005037805638831605,0.0003495046967568903,3.585019762882642e-06,1.2563420141716795,125634.20141716795,8716.045559626858,True,0.47300351481309344,scipy_fallback
2026-08-06,VLO,Energy,0.058747936994739285,0.001984111765843233,0.00011656247301027914,3.585019762882642e-06,1.2563420141716795,125634.20141716795,7380.750149240168,True,0.47300351481309344,scipy_fallback
2026-08-06,MU,Technology,0.05000000000000002,-0.013121543799467283,-0.0006560771899733644,3.585019762882642e-06,1.2563420141716795,125634.20141716795,6281.710070858399,True,0.47300351481309344,scipy_fallback
2026-08-06,PM,ConsumerStaples,0.05000000000000001,-0.004657755031693522,-0.00023288775158467615,3.585019762882642e-06,1.2563420141716795,125634.20141716795,6281.7100708583985,True,0.47300351481309344,scipy_fallback
2026-08-06,AMD,Technology,0.05,0.014998467315454622,0.0007499233657727311,3.585019762882642e-06,1.2563420141716795,125634.20141716795,6281.710070858398,True,0.47300351481309344,scipy_fallback
2026-08-06,ABBV,Healthcare,0.05,-0.009463858082599863,-0.0004731929041299932,3.585019762882642e-06,1.2563420141716795,125634.20141716795,6281.710070858398,True,0.47300351481309344,scipy_fallback
2026-08-06,AMGN,Healthcare,0.05,-0.007306869239856795,-0.0003653434619928398,3.585019762882642e-06,1.2563420141716795,125634.20141716795,6281.710070858398,True,0.47300351481309344,scipy_fallback
2026-08-07,TRV,Financials,0.2170271218131535,-0.004378220358815854,-0.0009501925631375571,-0.00041810887070198094,1.2558167264309188,125581.67264309188,27254.62896621187,True,0.44913374842303827,scipy_fallback
2026-08-07,JPM,Financials,0.2150511962320654,0.00342408437412578,0.0007363534406552718,-0.00041810887070198094,1.2558167264309188,125581.67264309188,27006.48892672055,True,0.44913374842303827,scipy_fallback
2026-08-07,KO,ConsumerStaples,0.19163541079184643,0.0023029180251319392,0.0004413206417661069,-0.00041810887070198094,1.2558167264309188,125581.67264309188,24065.895424886094,True,0.44913374842303827,scipy_fallback
2026-08-07,PSX,Energy,0.0694672379052292,-0.00783379481288382,-0.0005441920879673508,-0.00041810887070198094,1.2558167264309188,125581.67264309188,8723.811930034277,True,0.44913374842303827,scipy_fallback
2026-08-07,VLO,Energy,0.05681903325770534,-0.015446030649927,-0.0008776285291977383,-0.00041810887070198094,1.2558167264309188,125581.67264309188,7135.429234466103,True,0.44913374842303827,scipy_fallback
2026-08-07,AMGN,Healthcare,0.05000000000000002,0.015067273998851105,0.0007533636999425555,-0.00041810887070198094,1.2558167264309188,125581.67264309188,6279.083632154596,True,0.44913374842303827,scipy_fallback
2026-08-07,PM,ConsumerStaples,0.05000000000000001,0.008082979249101951,0.00040414896245509767,-0.00041810887070198094,1.2558167264309188,125581.67264309188,6279.083632154595,True,0.44913374842303827,scipy_fallback
2026-08-07,MU,Technology,0.05,-0.004424385978566425,-0.00022121929892832126,-0.00041810887070198094,1.2558167264309188,125581.67264309188,6279.083632154594,True,0.44913374842303827,scipy_fallback
2026-08-07,AMD,Technology,0.05,-0.012099438854038969,-0.0006049719427019485,-0.00041810887070198094,1.2558167264309188,125581.67264309188,6279.083632154594,True,0.44913374842303827,scipy_fallback
2026-08-07,ABBV,Healthcare,0.05,0.008898176128238067,0.00044490880641190333,-0.00041810887070198094,1.2558167264309188,125581.67264309188,6279.083632154594,True,0.44913374842303827,scipy_fallback
2026-08-10,KO,ConsumerStaples,0.2122432735380072,-0.0020677759343079583,-0.0004388715332406324,0.0010709579656966333,1.2571616533575452,125716.16533575451,26682.410467505884,True,0.4277111576794114,scipy_fallback
2026-08-10,JPM,Financials,0.20890838548567767,0.006349349969249296,0.0013264324509594076,0.0010709579656966333,1.2571616533575452,125716.16533575451,26263.16112974299,True,0.4277111576794114,scipy_fallback
2026-08-10,TRV,Financials,0.20518025222818723,-0.022611980834349454,-0.004639531930970757,0.0010709579656966333,1.2571616533575452,125716.16533575451,25794.4745127506,True,0.4277111576794114,scipy_fallback
2026-08-10,PSX,Energy,0.07366808874812791,0.05693689101386723,0.004194431940252058,0.0010709579656966333,1.2571616533575452,125716.16533575451,9261.269625028686,True,0.4277111576794114,scipy_fallback
2026-08-10,MU,Technology,0.05,-0.018881692840371778,-0.0009440846420185889,0.0010709579656966333,1.2571616533575452,125716.16533575451,6285.808266787726,True,0.4277111576794114,scipy_fallback
2026-08-10,VLO,Energy,0.05,0.05578094862599792,0.002789047431299896,0.0010709579656966333,1.2571616533575452,125716.16533575451,6285.808266787726,True,0.4277111576794114,scipy_fallback
2026-08-10,AMD,Technology,0.05,-0.028550124567989665,-0.0014275062283994834,0.0010709579656966333,1.2571616533575452,125716.16533575451,6285.808266787726,True,0.4277111576794114,scipy_fallback
2026-08-10,PM,ConsumerStaples,0.05,-0.018832131594071266,-0.0009416065797035634,0.0010709579656966333,1.2571616533575452,125716.16533575451,6285.808266787726,True,0.4277111576794114,scipy_fallback
2026-08-10,ABBV,Healthcare,0.05,0.007844285430156805,0.0003922142715078403,0.0010709579656966333,1.2571616533575452,125716.16533575451,6285.808266787726,True,0.4277111576794114,scipy_fallback
2026-08-10,AMGN,Healthcare,0.05,0.01520865572020913,0.0007604327860104565,0.0010709579656966333,1.2571616533575452,125716.16533575451,6285.808266787726,True,0.4277111576794114,scipy_fallback
2026-08-11,TRV,Financials,0.23506701392170115,-2.6658238206800355e-05,-6.266472451685965e-06,0.00993123049192097,1.2696468155026435,126964.68155026434,29845.208565540343,True,0.45807797629664804,scipy_fallback
2026-08-11,JPM,Financials,0.1811870833731322,0.006253647812788143,0.001133080207641851,0.00993123049192097,1.2696468155026435,126964.68155026434,23004.360341490923,True,0.45807797629664804,scipy_fallback
2026-08-11,KO,ConsumerStaples,0.10648196631932928,-0.004489479122353868,-0.0004780485646978165,0.00993123049192097,1.2696468155026435,126964.68155026434,13519.448944579615,True,0.45807797629664804,scipy_fallback
2026-08-11,MPC,Energy,0.09794039494010844,0.05026231458949848,0.004922710941499455,0.00993123049192097,1.2696468155026435,126964.68155026434,12434.971054477988,True,0.45807797629664804,scipy_fallback
2026-08-11,AMGN,Healthcare,0.0922641040474501,-0.006951096433835513,-0.0006413366846152591,0.00993123049192097,1.2696468155026435,126964.68155026434,11714.282588904958,True,0.45807797629664804,scipy_fallback
2026-08-11,PSX,Energy,0.0870594373982789,0.04101703169216764,0.00357091970286749,0.00993123049192097,1.2696468155026435,126964.68155026434,11053.473745217654,True,0.45807797629664804,scipy_fallback
2026-08-11,MU,Technology,0.05000000000000001,0.008734052881823384,0.0004367026440911693,0.00993123049192097,1.2696468155026435,126964.68155026434,6348.234077513219,True,0.45807797629664804,scipy_fallback
2026-08-11,AMD,Technology,0.05,0.010137170522135586,0.0005068585261067793,0.00993123049192097,1.2696468155026435,126964.68155026434,6348.234077513218,True,0.45807797629664804,scipy_fallback
2026-08-11,PM,ConsumerStaples,0.05,0.001182802261844751,5.9140113092237546e-05,0.00993123049192097,1.2696468155026435,126964.68155026434,6348.234077513218,True,0.45807797629664804,scipy_fallback
2026-08-11,ABBV,Healthcare,0.05,0.008549401567734982,0.00042747007838674913,0.00993123049192097,1.2696468155026435,126964.68155026434,6348.234077513218,True,0.45807797629664804,scipy_fallback
2026-08-12,JPM,Financials,0.21498994874448227,0.00867303076110093,0.001864614438788407,0.006127326183212761,1.2774263556787053,127742.63556787053,27463.382673221564,True,0.46665163750843613,scipy_fallback
2026-08-12,KO,ConsumerStaples,0.2079385980164652,0.0026595088512735288,0.0005530145419461974,0.006127326183212761,1.2774263556787053,127742.63556787053,26562.62454691124,True,0.46665163750843613,scipy_fallback
2026-08-12,TRV,Financials,0.17399524190632384,-0.014509642468439332,-0.0025246087512703712,0.006127326183212761,1.2774263556787053,127742.63556787053,22226.610777383,True,0.46665163750843613,scipy_fallback
2026-08-12,PSX,Energy,0.08313386204384532,0.005437703250670722,0.0004520572718766291,0.006127326183212761,1.2774263556787053,127742.63556787053,10619.738642416556,True,0.46665163750843613,scipy_fallback
2026-08-12,MPC,Energy,0.06994234928888338,0.03516429259679321,0.0024594732353014066,0.006127326183212761,1.2774263556787053,127742.63556787053,8934.620035970538,True,0.46665163750843613,scipy_fallback
2026-08-12,AMGN,Healthcare,0.05000000000000002,0.004537780732858376,0.0002268890366429189,0.006127326183212761,1.2774263556787053,127742.63556787053,6387.131778393528,True,0.46665163750843613,scipy_fallback
2026-08-12,AMD,Technology,0.05000000000000001,0.018152271079885596,0.00090761355399428,0.006127326183212761,1.2774263556787053,127742.63556787053,6387.131778393527,True,0.46665163750843613,scipy_fallback
2026-08-12,MU,Technology,0.05,0.049244643225584195,0.00246223216127921,0.006127326183212761,1.2774263556787053,127742.63556787053,6387.1317783935265,True,0.46665163750843613,scipy_fallback
2026-08-12,PM,ConsumerStaples,0.05,-0.00016109321823776224,-8.054660911888112e-06,0.006127326183212761,1.2774263556787053,127742.63556787053,6387.1317783935265,True,0.46665163750843613,scipy_fallback
2026-08-12,ABBV,Healthcare,0.05,-0.00531809288868057,-0.0002659046444340285,0.006127326183212761,1.2774263556787053,127742.63556787053,6387.1317783935265,True,0.46665163750843613,scipy_fallback
2026-08-13,JPM,Financials,0.2174457065313485,-0.005668457653036252,-0.0012325817793074974,0.009581723296994228,1.2896663015511063,128966.63015511063,28043.240013045146,True,0.48272940386256646,scipy_fallback
2026-08-13,TRV,Financials,0.19054861701269724,-0.00043224421028531523,-8.23635364816123e-05,0.009581723296994228,1.2896663015511063,128966.63015511063,24574.413016844344,True,0.48272940386256646,scipy_fallback
2026-08-13,KO,ConsumerStaples,0.18499526260636498,0.008188204520918507,0.001514779045621944,0.009581723296994228,1.2896663015511063,128966.63015511063,23858.21561300264,True,0.48272940386256646,scipy_fallback
2026-08-13,MPC,Energy,0.08167385139998525,0.023316618769548603,0.0019043580565342195,0.009581723296994228,1.2896663015511063,128966.63015511063,10533.201386845361,True,0.48272940386256646,scipy_fallback
2026-08-13,PSX,Energy,0.0753365624496041,0.03116413111775418,0.0023477985101403383,0.009581723296994228,1.2896663015511063,128966.63015511063,9715.902586595486,True,0.48272940386256646,scipy_fallback
2026-08-13,MU,Technology,0.05,0.042291740271221956,0.002114587013561098,0.009581723296994228,1.2896663015511063,128966.63015511063,6448.331507755532,True,0.48272940386256646,scipy_fallback
2026-08-13,LRCX,Technology,0.05,0.03342438409117987,0.0016712192045589937,0.009581723296994228,1.2896663015511063,128966.63015511063,6448.331507755532,True,0.48272940386256646,scipy_fallback
2026-08-13,PM,ConsumerStaples,0.05,0.01460873937932905,0.0007304369689664525,0.009581723296994228,1.2896663015511063,128966.63015511063,6448.331507755532,True,0.48272940386256646,scipy_fallback
2026-08-13,ABBV,Healthcare,0.05,0.00828112583563434,0.000414056291781717,0.009581723296994228,1.2896663015511063,128966.63015511063,6448.331507755532,True,0.48272940386256646,scipy_fallback
2026-08-13,AMGN,Healthcare,0.05,0.003988670432371499,0.000199433521618575,0.009581723296994228,1.2896663015511063,128966.63015511063,6448.331507755532,True,0.48272940386256646,scipy_fallback
2026-08-14,JPM,Financials,0.2110612843349287,-0.0007435461005306232,-0.00015693379494022134,0.0008753031129866437,1.290795150479568,129079.51504795681,27243.688227351522,True,0.48991805915995906,scipy_fallback
2026-08-14,TRV,Financials,0.1856746287898339,0.0009728665813832915,0.00018063664136037737,0.0008753031129866437,1.290795150479568,129079.51504795681,23966.79104090116,True,0.48991805915995906,scipy_fallback
2026-08-14,KO,ConsumerStaples,0.17986001688293773,0.0033173706926901136,0.0005966623487942067,0.0008753031129866437,1.290795150479568,129079.51504795681,23216.24375576693,True,0.48991805915995906,scipy_fallback
2026-08-14,MPC,Energy,0.08757112847285044,-0.002665717527882694,-0.00023343989210654467,0.0008753031129866437,1.290795150479568,129079.51504795681,11303.638795477857,True,0.48991805915995906,scipy_fallback
2026-08-14,PSX,Energy,0.07207232598790794,0.004299041285436456,0.000309841904959451,0.0008753031129866437,1.290795150479568,129079.51504795681,9303.060886897412,True,0.48991805915995906,scipy_fallback
2026-08-14,AMGN,Healthcare,0.06376061553154115,-0.006294339260037529,-0.00040133094558433813,0.0008753031129866437,1.290795150479568,129079.51504795681,8230.189331970554,True,0.48991805915995906,scipy_fallback
2026-08-14,LRCX,Technology,0.05000000000000002,-0.013797854764910245,-0.0006898927382455125,0.0008753031129866437,1.290795150479568,129079.51504795681,6453.975752397842,True,0.48991805915995906,scipy_fallback
2026-08-14,MU,Technology,0.05,0.022983013446523426,0.0011491506723261713,0.0008753031129866437,1.290795150479568,129079.51504795681,6453.975752397841,True,0.48991805915995906,scipy_fallback
2026-08-14,PM,ConsumerStaples,0.05,0.007834395737910338,0.0003917197868955169,0.0008753031129866437,1.290795150479568,129079.51504795681,6453.975752397841,True,0.48991805915995906,scipy_fallback
2026-08-14,ABBV,Healthcare,0.05,-0.005422217409449259,-0.00027111087047246296,0.0008753031129866437,1.290795150479568,129079.51504795681,6453.975752397841,True,0.48991805915995906,scipy_fallback
2026-08-17,JPM,Financials,0.23522751438437334,-0.005181360659759715,-0.0012187985891242545,-0.002857526496329893,1.2871066691357387,128710.66691357386,30276.29025283498,True,0.503494944279038,scipy_fallback
2026-08-17,KO,ConsumerStaples,0.21608186557869477,-0.008322882514832708,-0.0017984239807973502,-0.002857526496329893,1.2871066691357387,128710.66691357386,27812.041026563023,True,0.503494944279038,scipy_fallback
2026-08-17,TRV,Financials,0.16240496396720663,-0.015795308387112184,-0.002565236489459871,-0.002857526496329893,1.2871066691357387,128710.66691357386,20903.251222294097,True,0.503494944279038,scipy_fallback
2026-08-17,MPC,Energy,0.07775824928005176,0.007765398053708461,0.0006038237576190912,-0.002857526496329893,1.2871066691357387,128710.66691357386,10008.316122867387,True,0.503494944279038,scipy_fallback
2026-08-17,PSX,Energy,0.058527406789673504,0.029707658449293906,0.0017387122108305055,-0.002857526496329893,1.2871066691357387,128710.66691357386,7533.101560620908,True,0.503494944279038,scipy_fallback
2026-08-17,AMD,Technology,0.05000000000000002,-0.016310609478241367,-0.0008155304739120686,-0.002857526496329893,1.2871066691357387,128710.66691357386,6435.533345678696,True,0.503494944279038,scipy_fallback
2026-08-17,MU,Technology,0.05,0.04125931700749952,0.002062965850374976,-0.002857526496329893,1.2871066691357387,128710.66691357386,6435.533345678694,True,0.503494944279038,scipy_fallback
2026-08-17,PM,ConsumerStaples,0.05,-0.03083142568415098,-0.0015415712842075492,-0.002857526496329893,1.2871066691357387,128710.66691357386,6435.533345678694,True,0.503494944279038,scipy_fallback
2026-08-17,ABBV,Healthcare,0.05,0.0034875134040439626,0.00017437567020219815,-0.002857526496329893,1.2871066691357387,128710.66691357386,6435.533345678694,True,0.503494944279038,scipy_fallback
2026-08-17,AMGN,Healthcare,0.05,0.010043136642888584,0.0005021568321444292,-0.002857526496329893,1.2871066691357387,128710.66691357386,6435.533345678694,True,0.503494944279038,scipy_fallback
2026-08-18,TRV,Financials,0.18460268216800566,0.009382398518225532,0.0017320159316335552,0.007744077015222854,1.2970741223083329,129707.41223083329,23944.336194883006,True,0.4664960165797148,scipy_fallback
2026-08-18,AMGN,Healthcare,0.16533042024548342,0.014068392083382175,0.002325933175323807,0.007744077015222854,1.2970741223083329,129707.41223083329,21444.580973077824,True,0.4664960165797148,scipy_fallback
2026-08-18,JPM,Financials,0.15423333339557782,0.006344217085363146,0.000978489748860735,0.007744077015222854,1.2970741223083329,129707.41223083329,20005.20655447576,True,0.4664960165797148,scipy_fallback
2026-08-18,PSX,Energy,0.12308738039805538,0.0175944132735133,0.0021656502394775262,0.007744077015222854,1.2970741223083329,129707.41223083329,15965.345589703957,True,0.4664960165797148,scipy_fallback
2026-08-18,MPC,Energy,0.12274618379287763,0.02241885012404743,0.002751828297751303,0.007744077015222854,1.2970741223083329,129707.41223083329,15921.089860984406,True,0.4664960165797148,scipy_fallback
2026-08-18,PM,ConsumerStaples,0.05000000000000001,0.016800296840168816,0.000840014842008441,0.007744077015222854,1.2970741223083329,129707.41223083329,6485.370611541665,True,0.4664960165797148,scipy_fallback
2026-08-18,MU,Technology,0.05,-0.07016554507968864,-0.003508277253984432,0.007744077015222854,1.2970741223083329,129707.41223083329,6485.370611541664,True,0.4664960165797148,scipy_fallback
2026-08-18,LRCX,Technology,0.05,-0.04630060631756949,-0.002315030315878475,0.007744077015222854,1.2970741223083329,129707.41223083329,6485.370611541664,True,0.4664960165797148,scipy_fallback
2026-08-18,ABBV,Healthcare,0.05,0.03431475066451295,0.0017157375332256476,0.007744077015222854,1.2970741223083329,129707.41223083329,6485.370611541664,True,0.4664960165797148,scipy_fallback
2026-08-18,KO,ConsumerStaples,0.05,0.02115429633609489,0.0010577148168047447,0.007744077015222854,1.2970741223083329,129707.41223083329,6485.370611541664,True,0.4664960165797148,scipy_fallback
2026-08-19,JPM,Financials,0.19957497138919267,-0.016489993762904387,-0.0032909900334396084,-0.0037840191239257442,1.292165969024369,129216.5969024369,25788.398629812687,True,0.49222451521206206,scipy_fallback
2026-08-19,KO,ConsumerStaples,0.1828939288050561,0.017225797236423812,0.0031504937333688286,-0.0037840191239257442,1.292165969024369,129216.5969024369,23632.931074305925,True,0.49222451521206206,scipy_fallback
2026-08-19,TRV,Financials,0.17663771759073355,-0.015519277584736035,-0.002741289771224805,-0.0037840191239257442,1.292165969024369,129216.5969024369,22824.524751688303,True,0.49222451521206206,scipy_fallback
2026-08-19,PSX,Energy,0.1053148109601883,-0.004928383834896022,-0.0005190318119113224,-0.0037840191239257442,1.292165969024369,129216.5969024369,13608.421475698995,True,0.49222451521206206,scipy_fallback
2026-08-19,MPC,Energy,0.08491690187940085,-0.012212128801045496,-0.0010370161431369855,-0.0037840191239257442,1.292165969024369,129216.5969024369,10972.673080354325,True,0.49222451521206206,scipy_fallback
2026-08-19,AMGN,Healthcare,0.05066166937542847,0.04016172814127983,0.00203466019263936,-0.0037840191239257442,1.292165969024369,129216.5969024369,6546.328510089273,True,0.49222451521206206,scipy_fallback
2026-08-19,PM,ConsumerStaples,0.05000000000000001,0.012312107550961793,0.0006156053775480898,-0.0037840191239257442,1.292165969024369,129216.5969024369,6460.829845121846,True,0.49222451521206206,scipy_fallback
2026-08-19,MU,Technology,0.05,-0.0038798677411594484,-0.00019399338705797242,-0.0037840191239257442,1.292165969024369,129216.5969024369,6460.829845121845,True,0.49222451521206206,scipy_fallback
2026-08-19,LRCX,Technology,0.05,-0.06327758461991373,-0.0031638792309956866,-0.0037840191239257442,1.292165969024369,129216.5969024369,6460.829845121845,True,0.49222451521206206,scipy_fallback
2026-08-19,ABBV,Healthcare,0.05,0.027228439005687166,0.0013614219502843584,-0.0037840191239257442,1.292165969024369,129216.5969024369,6460.829845121845,True,0.49222451521206206,scipy_fallback
2026-08-20,KO,ConsumerStaples,0.16965437582016776,0.0016602802437524211,0.000281673808440373,-0.0028976721904783093,1.2884216956304446,128842.16956304446,21858.637856534526,True,0.4706854035070038,scipy_fallback
2026-08-20,TRV,Financials,0.16266238508710953,0.006266917422267149,0.0010193917350499347,-0.0028976721904783093,1.2884216956304446,128842.16956304446,20957.7746009226,True,0.4706854035070038,scipy_fallback
2026-08-20,JPM,Financials,0.16209396005770751,-0.015982818721866576,-0.0025907183795118205,-0.0028976721904783093,1.2884216956304446,128842.16956304446,20884.537486900506,True,0.4706854035070038,scipy_fallback
2026-08-20,AMGN,Healthcare,0.11001998935042863,-0.01950894151723892,-0.002146373537964761,-0.0028976721904783093,1.2884216956304446,128842.16956304446,14175.21412321227,True,0.4706854035070038,scipy_fallback
2026-08-20,PSX,Energy,0.10892966497575557,-0.009451456310985318,-0.0010295439694886213,-0.0028976721904783093,1.2884216956304446,128842.16956304446,14034.734365251925,True,0.4706854035070038,scipy_fallback
2026-08-20,MPC,Energy,0.0866396247088309,-0.006985416531315014,-0.0006052138667079961,-0.0028976721904783093,1.2884216956304446,128842.16956304446,11162.837217613727,True,0.4706854035070038,scipy_fallback
2026-08-20,ABBV,Healthcare,0.05000000000000001,-0.015565720304682396,-0.00077828601523412,-0.0028976721904783093,1.2884216956304446,128842.16956304446,6442.108478152224,True,0.4706854035070038,scipy_fallback
2026-08-20,MU,Technology,0.05,0.039717890450519544,0.001985894522525977,-0.0028976721904783093,1.2884216956304446,128842.16956304446,6442.108478152223,True,0.4706854035070038,scipy_fallback
2026-08-20,LRCX,Technology,0.05,0.010938503576349623,0.0005469251788174812,-0.0028976721904783093,1.2884216956304446,128842.16956304446,6442.108478152223,True,0.4706854035070038,scipy_fallback
2026-08-20,PM,ConsumerStaples,0.05,0.008371566671904862,0.00041857833359524313,-0.0028976721904783093,1.2884216956304446,128842.16956304446,6442.108478152223,True,0.4706854035070038,scipy_fallback
2026-08-21,KO,ConsumerStaples,0.20239865139067387,0.006629773906188241,0.0013418572976375798,0.0041909735585026545,1.2938214368890328,129382.14368890328,26186.77139666841,True,0.4570460772111658,scipy_fallback
2026-08-21,TRV,Financials,0.1733952981187629,-0.0024966999672012546,-0.00043291603512596706,0.0041909735585026545,1.2938214368890328,129382.14368890328,22434.255376182,True,0.4570460772111658,scipy_fallback
2026-08-21,JPM,Financials,0.15310762817386858,8.533289813272837e-05,1.306511763830438e-05,0.0041909735585026545,1.2938214368890328,129382.14368890328,19809.39314825864,True,0.4570460772111658,scipy_fallback
2026-08-21,PSX,Energy,0.10072620974276414,0.011958312988281206,0.0012045155422272334,0.0041909735585026545,1.2938214368890328,129382.14368890328,13032.17294217692,True,0.4570460772111658,scipy_fallback
2026-08-21,MPC,Energy,0.08870880155168105,0.006950814164115471,0.0006165983943071332,0.0041909735585026545,1.2938214368890328,129382.14368890328,11477.334908830004,True,0.4570460772111658,scipy_fallback
2026-08-21,AMGN,Healthcare,0.0816634110222493,0.018830721175516763,0.001537780923201599,0.0041909735585026545,1.2938214368890328,129382.14368890328,10565.787179006627,True,0.4570460772111658,scipy_fallback
2026-08-21,ABBV,Healthcare,0.05000000000000003,0.011954340768178584,0.0005977170384089296,0.0041909735585026545,1.2938214368890328,129382.14368890328,6469.107184445168,True,0.4570460772111658,scipy_fallback
2026-08-21,LRCX,Technology,0.05000000000000001,0.011174414384599096,0.000558720719229955,0.0041909735585026545,1.2938214368890328,129382.14368890328,6469.107184445165,True,0.4570460772111658,scipy_fallback
2026-08-21,MU,Technology,0.05,-0.007748901974219402,-0.0003874450987109701,0.0041909735585026545,1.2938214368890328,129382.14368890328,6469.107184445164,True,0.4570460772111658,scipy_fallback
2026-08-21,PM,ConsumerStaples,0.05,-0.017178406806222846,-0.0008589203403111423,0.0041909735585026545,1.2938214368890328,129382.14368890328,6469.107184445164,True,0.4570460772111658,scipy_fallback
2026-08-24,KO,ConsumerStaples,0.18381924543159245,0.00976947437326392,0.0017958174075566533,0.005740036098319598,1.3012480186415556,130124.80186415555,23919.442890604547,True,0.4735171788053963,scipy_fallback
2026-08-24,TRV,Financials,0.17744869625927806,0.019170494476886235,0.0034017792515691533,0.005740036098319598,1.3012480186415556,130124.80186415555,23090.476441791277,True,0.4735171788053963,scipy_fallback
2026-08-24,JPM,Financials,0.17242654638634158,0.01368117714283823,0.0023589981252393525,0.005740036098319598,1.3012480186415556,130124.80186415555,22436.970184643324,True,0.4735171788053963,scipy_fallback
2026-08-24,PSX,Energy,0.09490712973275554,-0.0037468127871507217,-0.00035559924727446095,0.005740036098319598,1.3012480186415556,130124.80186415555,12349.771451970522,True,0.4735171788053963,scipy_fallback
2026-08-24,MPC,Energy,0.08932579699353896,0.004989986102454713,0.0004457344855884504,0.005740036098319598,1.3012480186415556,130124.80186415555,11623.501635142038,True,0.4735171788053963,scipy_fallback
2026-08-24,AMGN,Healthcare,0.08207258519649357,0.010265654299659754,0.0008425287871065758,0.005740036098319598,1.3012480186415556,130124.80186415555,10679.678887172753,True,0.4735171788053963,scipy_fallback
2026-08-24,LRCX,Technology,0.05000000000000002,-0.012197427320435383,-0.0006098713660217693,0.005740036098319598,1.3012480186415556,130124.80186415555,6506.24009320778,True,0.4735171788053963,scipy_fallback
2026-08-24,MU,Technology,0.05,-0.058286305998766164,-0.0029143152999383084,0.005740036098319598,1.3012480186415556,130124.80186415555,6506.240093207778,True,0.4735171788053963,scipy_fallback
2026-08-24,PM,ConsumerStaples,0.05,0.01715991637700265,0.0008579958188501325,0.005740036098319598,1.3012480186415556,130124.80186415555,6506.240093207778,True,0.4735171788053963,scipy_fallback
2026-08-24,ABBV,Healthcare,0.05,-0.001660637287123623,-8.303186435618115e-05,0.005740036098319598,1.3012480186415556,130124.80186415555,6506.240093207778,True,0.4735171788053963,scipy_fallback
2026-08-25,TRV,Financials,0.2124379025707674,-0.002401740247284345,-0.0005102206606528825,-0.0026184114355544776,1.297840815949052,129784.0815949052,27571.058081094998,True,0.5072754557132484,scipy_fallback
2026-08-25,MPC,Energy,0.1451784141498698,-0.02107465619108595,-0.0030595851645755933,-0.0026184114355544776,1.297840815949052,129784.0815949052,18841.84714784564,True,0.5072754557132484,scipy_fallback
2026-08-25,KO,ConsumerStaples,0.14244174633321605,-0.0038047548297184264,-0.0005419559223148307,-0.0026184114355544776,1.297840815949052,129784.0815949052,18486.6712286309,True,0.5072754557132484,scipy_fallback
2026-08-25,JPM,Financials,0.1339969105789937,0.0008417401740750119,0.00011279058283627597,-0.0026184114355544776,1.297840815949052,129784.0815949052,17390.665976049335,True,0.5072754557132484,scipy_fallback
2026-08-25,AMGN,Healthcare,0.11594502636715313,-0.0036049164489844188,-0.0004179721327288825,-0.0026184114355544776,1.297840815949052,129784.0815949052,15047.818762558038,True,0.5072754557132484,scipy_fallback
2026-08-25,MU,Technology,0.05,0.0247575082199325,0.001237875410996625,-0.0026184114355544776,1.297840815949052,129784.0815949052,6489.204079745261,True,0.5072754557132484,scipy_fallback
2026-08-25,LRCX,Technology,0.05,0.014475913941532692,0.0007237956970766346,-0.0026184114355544776,1.297840815949052,129784.0815949052,6489.204079745261,True,0.5072754557132484,scipy_fallback
2026-08-25,PSX,Energy,0.05,-0.020912599921385278,-0.001045629996069264,-0.0026184114355544776,1.297840815949052,129784.0815949052,6489.204079745261,True,0.5072754557132484,scipy_fallback
2026-08-25,PM,ConsumerStaples,0.05,0.012848591710092894,0.0006424295855046447,-0.0026184114355544776,1.297840815949052,129784.0815949052,6489.204079745261,True,0.5072754557132484,scipy_fallback
2026-08-25,ABBV,Healthcare,0.05,0.0048012232874559135,0.0002400611643727957,-0.0026184114355544776,1.297840815949052,129784.0815949052,6489.204079745261,True,0.5072754557132484,scipy_fallback
2026-08-26,TRV,Financials,0.20418009289149255,0.004030651407012753,0.000822978778697089,0.0005776353495793073,1.298590494682471,129859.04946824709,26514.63278322762,True,0.5204433985626791,scipy_fallback
2026-08-26,KO,ConsumerStaples,0.17890133894993696,-0.01702309737308183,-0.003045454913119494,0.0005776353495793073,1.298590494682471,129859.04946824709,23231.9578246355,True,0.5204433985626791,scipy_fallback
2026-08-26,JPM,Financials,0.1382268907606731,-0.0005326822734188497,-7.363101441801434e-05,0.0005776353495793073,1.298590494682471,129859.04946824709,17950.012645132236,True,0.5204433985626791,scipy_fallback
2026-08-26,MPC,Energy,0.12943944958351042,0.020823895483487842,0.0026954335695672147,0.0005776353495793073,1.298590494682471,129859.04946824709,16808.883886607753,True,0.5204433985626791,scipy_fallback
2026-08-26,AMGN,Healthcare,0.09925222781438704,-0.004296295989599241,-0.00042641694831774133,0.0005776353495793073,1.298590494682471,129859.04946824709,12888.799961582217,True,0.5204433985626791,scipy_fallback
2026-08-26,MU,Technology,0.05000000000000002,0.005820180586139534,0.00029100902930697677,0.0005776353495793073,1.298590494682471,129859.04946824709,6492.952473412357,True,0.5204433985626791,scipy_fallback
2026-08-26,JNJ,Healthcare,0.05000000000000002,-0.011495989163210152,-0.0005747994581605078,0.0005776353495793073,1.298590494682471,129859.04946824709,6492.952473412357,True,0.5204433985626791,scipy_fallback
2026-08-26,LRCX,Technology,0.05,-0.005656885638093079,-0.00028284428190465395,0.0005776353495793073,1.298590494682471,129859.04946824709,6492.952473412355,True,0.5204433985626791,scipy_fallback
2026-08-26,PSX,Energy,0.05,0.02249895301130178,0.001124947650565089,0.0005776353495793073,1.298590494682471,129859.04946824709,6492.952473412355,True,0.5204433985626791,scipy_fallback
2026-08-26,PM,ConsumerStaples,0.05,0.0009282587472669857,4.641293736334928e-05,0.0005776353495793073,1.298590494682471,129859.04946824709,6492.952473412355,True,0.5204433985626791,scipy_fallback
2026-08-27,TRV,Financials,0.20469979336664781,-0.00490371483522456,-0.0010037894134994328,-0.00601412705991234,1.290780606448656,129078.0606448656,26422.252342171625,True,0.519042571316721,scipy_fallback
2026-08-27,KO,ConsumerStaples,0.17301482361449994,-0.011323318789496106,-0.001959102003095422,-0.00601412705991234,1.290780606448656,129078.0606448656,22332.417894973147,True,0.519042571316721,scipy_fallback
2026-08-27,JPM,Financials,0.15452900406703524,-0.0063955084973263965,-0.0009882915585941092,-0.00601412705991234,1.290780606448656,129078.0606448656,19946.30415835546,True,0.519042571316721,scipy_fallback
2026-08-27,AMGN,Healthcare,0.10643582461963733,-0.007607771566008337,-0.0008097394401459269,-0.00601412705991234,1.290780606448656,129078.0606448656,13738.529825039826,True,0.519042571316721,scipy_fallback
2026-08-27,MPC,Energy,0.09808702179006307,0.0035057265844951058,0.0003438662798833748,-0.00601412705991234,1.290780606448656,129078.0606448656,12660.882547092015,True,0.519042571316721,scipy_fallback
2026-08-27,PSX,Energy,0.06323353254211661,-0.009990497509100082,-0.000631734449353615,-0.00601412705991234,1.290780606448656,129078.0606448656,8162.06174826041,True,0.519042571316721,scipy_fallback
2026-08-27,MU,Technology,0.05000000000000002,-0.003207597706004428,-0.00016037988530022147,-0.00601412705991234,1.290780606448656,129078.0606448656,6453.903032243283,True,0.519042571316721,scipy_fallback
2026-08-27,JNJ,Healthcare,0.05000000000000002,-0.01566670735677078,-0.0007833353678385394,-0.00601412705991234,1.290780606448656,129078.0606448656,6453.903032243283,True,0.519042571316721,scipy_fallback
2026-08-27,LRCX,Technology,0.05,0.018217808750453646,0.0009108904375226823,-0.00601412705991234,1.290780606448656,129078.0606448656,6453.903032243281,True,0.519042571316721,scipy_fallback
2026-08-27,PM,ConsumerStaples,0.05,-0.018650233189822618,-0.000932511659491131,-0.00601412705991234,1.290780606448656,129078.0606448656,6453.903032243281,True,0.519042571316721,scipy_fallback
2026-08-28,TRV,Financials,0.20339031372364666,0.0015434084561041228,0.00031391433009074666,0.0025927716811403436,1.2941273058516212,129412.73058516212,26321.295873549887,True,0.4752282907246405,scipy_fallback
2026-08-28,KO,ConsumerStaples,0.1844086052662981,0.006737142763086901,0.0012423871004207893,0.0025927716811403436,1.2941273058516212,129412.73058516212,23864.821150912943,True,0.4752282907246405,scipy_fallback
2026-08-28,JPM,Financials,0.16054321774612137,0.009598537306666488,0.0015409800648684274,0.0025927716811403436,1.2941273058516212,129412.73058516212,20776.336185453823,True,0.4752282907246405,scipy_fallback
2026-08-28,MPC,Energy,0.10734582345110419,0.014551295326522773,0.001562020779105791,0.0025927716811403436,1.2941273058516212,129412.73058516212,13891.916129720124,True,0.4752282907246405,scipy_fallback
2026-08-28,AMGN,Healthcare,0.09431203981282964,-0.010457852373665477,-0.0009863013894218335,0.0025927716811403436,1.2941273058516212,129412.73058516212,12205.178599234805,True,0.4752282907246405,scipy_fallback
2026-08-28,PM,ConsumerStaples,0.05000000000000001,0.0074023713446855766,0.0003701185672342789,0.0025927716811403436,1.2941273058516212,129412.73058516212,6470.636529258108,True,0.4752282907246405,scipy_fallback
2026-08-28,MU,Technology,0.05,-0.0027047854448456476,-0.0001352392722422824,0.0025927716811403436,1.2941273058516212,129412.73058516212,6470.636529258107,True,0.4752282907246405,scipy_fallback
2026-08-28,JNJ,Healthcare,0.05,0.008541293694124485,0.0004270646847062243,0.0025927716811403436,1.2941273058516212,129412.73058516212,6470.636529258107,True,0.4752282907246405,scipy_fallback
2026-08-28,LRCX,Technology,0.05,-0.05235731626824358,-0.0026178658134121792,0.0025927716811403436,1.2941273058516212,129412.73058516212,6470.636529258107,True,0.4752282907246405,scipy_fallback
2026-08-28,PSX,Energy,0.05,0.017513852595807622,0.0008756926297903812,0.0025927716811403436,1.2941273058516212,129412.73058516212,6470.636529258107,True,0.4752282907246405,scipy_fallback
2026-08-31,KO,ConsumerStaples,0.20691465106435006,-0.011041834817684726,-0.0022847173984114266,-0.004145217210273478,1.2887628670711202,128876.28670711203,26666.39189447122,True,0.4629484684527823,scipy_fallback
2026-08-31,TRV,Financials,0.2017490794003667,-0.010732655258049895,-0.0021653033178330714,-0.004145217210273478,1.2887628670711202,128876.28670711203,26000.67219969757,True,0.4629484684527823,scipy_fallback
2026-08-31,JPM,Financials,0.18134405885880936,-0.004474039833794352,-0.0008113405429562606,-0.004145217210273478,1.2887628670711202,128876.28670711203,23370.948922119314,True,0.4629484684527823,scipy_fallback
2026-08-31,MPC,Energy,0.1005748306450869,0.0121736868351765,0.0012243664917742005,-0.004145217210273478,1.2887628670711202,128876.28670711203,12961.710709735456,True,0.4629484684527823,scipy_fallback
2026-08-31,AMGN,Healthcare,0.059417380031386906,-0.005873938453466954,-0.0003490140333706231,-0.004145217210273478,1.2887628670711202,128876.28670711203,7657.491304310452,True,0.4629484684527823,scipy_fallback
2026-08-31,PM,ConsumerStaples,0.050000000000000024,-0.023919935132055814,-0.0011959967566027912,-0.004145217210273478,1.2887628670711202,128876.28670711203,6443.814335355604,True,0.4629484684527823,scipy_fallback
2026-08-31,LRCX,Technology,0.05000000000000002,-0.0013581037588843436,-6.79051879442172e-05,-0.004145217210273478,1.2887628670711202,128876.28670711203,6443.814335355603,True,0.4629484684527823,scipy_fallback
2026-08-31,MU,Technology,0.05,0.02773191638982997,0.0013865958194914985,-0.004145217210273478,1.2887628670711202,128876.28670711203,6443.8143353556015,True,0.4629484684527823,scipy_fallback
2026-08-31,JNJ,Healthcare,0.05,-0.008170431172924042,-0.0004085215586462021,-0.004145217210273478,1.2887628670711202,128876.28670711203,6443.8143353556015,True,0.4629484684527823,scipy_fallback
2026-08-31,PSX,Energy,0.05,0.0105323854845083,0.000526619274225415,-0.004145217210273478,1.2887628670711202,128876.28670711203,6443.8143353556015,True,0.4629484684527823,scipy_fallback
2026-09-01,TRV,Financials,0.22100209754415862,-0.005492832305308393,-0.001213927460931471,0.00032334232918869725,1.2891795786583309,128917.95786583309,28491.139099458574,True,0.4519779846586275,scipy_fallback
2026-09-01,KO,ConsumerStaples,0.20060221717475024,-0.007556079200125576,-0.0015157662406932039,0.00032334232918869725,1.2891795786583309,128917.95786583309,25861.22818152715,True,0.4519779846586275,scipy_fallback
2026-09-01,MPC,Energy,0.14700761270133383,0.02592947735419493,0.0038118305644334947,0.00032334232918869725,1.2891795786583309,128917.95786583309,18951.921220187265,True,0.4519779846586275,scipy_fallback
2026-09-01,JPM,Financials,0.10987520753224236,-0.0030053840785876362,-0.0003302171993489135,0.00032334232918869725,1.2891795786583309,128917.95786583309,14164.887375141287,True,0.4519779846586275,scipy_fallback
2026-09-01,AMGN,Healthcare,0.07151286504751493,0.019168117011213903,0.001370766965037915,0.00032334232918869725,1.2891795786583309,128917.95786583309,9219.292523060538,True,0.4519779846586275,scipy_fallback
2026-09-01,JNJ,Healthcare,0.050000000000000024,0.020086500715788436,0.0010043250357894223,0.00032334232918869725,1.2891795786583309,128917.95786583309,6445.897893291657,True,0.4519779846586275,scipy_fallback
2026-09-01,MU,Technology,0.05,-0.02637862437031413,-0.0013189312185157066,0.00032334232918869725,1.2891795786583309,128917.95786583309,6445.897893291654,True,0.4519779846586275,scipy_fallback
2026-09-01,VLO,Energy,0.05,0.008553373152201615,0.0004276686576100808,0.00032334232918869725,1.2891795786583309,128917.95786583309,6445.897893291654,True,0.4519779846586275,scipy_fallback
2026-09-01,LRCX,Technology,0.05,-0.037447232372116446,-0.0018723616186058223,0.00032334232918869725,1.2891795786583309,128917.95786583309,6445.897893291654,True,0.4519779846586275,scipy_fallback
2026-09-01,PM,ConsumerStaples,0.05,-0.0008009031117419685,-4.004515558709843e-05,0.00032334232918869725,1.2891795786583309,128917.95786583309,6445.897893291654,True,0.4519779846586275,scipy_fallback
2026-09-02,MPC,Energy,0.22097028855027953,0.010443864229765065,0.0023077836924311292,0.008641862648134054,1.3003204915058757,130032.04915058757,28733.219421589467,True,0.4704158053743242,scipy_fallback
2026-09-02,TRV,Financials,0.18853235710551342,0.006210127009605548,0.0011708098830455474,0.008641862648134054,1.3003204915058757,130032.04915058757,24515.248725620248,True,0.4704158053743242,scipy_fallback
2026-09-02,AMGN,Healthcare,0.18291207181022415,0.010773307023891121,0.001970567907987565,0.008641862648134054,1.3003204915058757,130032.04915058757,23784.43151186287,True,0.4704158053743242,scipy_fallback
2026-09-02,JPM,Financials,0.07981608577587053,0.003577937653179042,0.0002855769786268553,0.008641862648134054,1.3003204915058757,130032.04915058757,10378.64918861551,True,0.4704158053743242,scipy_fallback
2026-09-02,KO,ConsumerStaples,0.07776919675811235,0.0027273003982148936,0.0002120999612872522,0.008641862648134054,1.3003204915058757,130032.04915058757,10112.48801525258,True,0.4704158053743242,scipy_fallback
2026-09-02,MU,Technology,0.05000000000000001,0.024254386558560492,0.001212719327928025,0.008641862648134054,1.3003204915058757,130032.04915058757,6501.6024575293795,True,0.4704158053743242,scipy_fallback
2026-09-02,JNJ,Healthcare,0.05000000000000001,0.014823514795831993,0.0007411757397915998,0.008641862648134054,1.3003204915058757,130032.04915058757,6501.6024575293795,True,0.4704158053743242,scipy_fallback
2026-09-02,AMD,Technology,0.05,-0.005548155771720742,-0.0002774077885860371,0.008641862648134054,1.3003204915058757,130032.04915058757,6501.602457529379,True,0.4704158053743242,scipy_fallback
2026-09-02,PSX,Energy,0.05,0.016149480185825293,0.0008074740092912647,0.008641862648134054,1.3003204915058757,130032.04915058757,6501.602457529379,True,0.4704158053743242,scipy_fallback
2026-09-02,PM,ConsumerStaples,0.05,0.00422125872661705,0.0002110629363308525,0.008641862648134054,1.3003204915058757,130032.04915058757,6501.602457529379,True,0.4704158053743242,scipy_fallback
2026-09-03,TRV,Financials,0.20519981733723436,0.02228414026608405,0.004572701512117756,0.007090108985407436,1.3095399055066108,130953.99055066108,26871.734940577568,True,0.48049748556124705,scipy_fallback
2026-09-03,MPC,Energy,0.20400608303513437,0.0018346032430960335,0.00037427022154757624,0.007090108985407436,1.3095399055066108,130953.99055066108,26715.410670060366,True,0.48049748556124705,scipy_fallback
2026-09-03,AMGN,Healthcare,0.1908919580114569,0.0028904317358007248,0.0005517601735454544,0.007090108985407436,1.3095399055066108,130953.99055066108,24998.063665629517,True,0.48049748556124705,scipy_fallback
2026-09-03,JPM,Financials,0.07829377085552833,0.016394352697428616,0.0012835756934171888,0.007090108985407436,1.3095399055066108,130953.99055066108,10252.88172879048,True,0.48049748556124705,scipy_fallback
2026-09-03,KO,ConsumerStaples,0.07160837076064586,0.006459666485404858,0.0004625661926769892,0.007090108985407436,1.3095399055066108,130953.99055066108,9377.401907937852,True,0.48049748556124705,scipy_fallback
2026-09-03,MU,Technology,0.05,0.0021755041602256053,0.00010877520801128027,0.007090108985407436,1.3095399055066108,130953.99055066108,6547.699527533055,True,0.48049748556124705,scipy_fallback
2026-09-03,JNJ,Healthcare,0.05,0.011700161043131097,0.0005850080521565548,0.007090108985407436,1.3095399055066108,130953.99055066108,6547.699527533055,True,0.48049748556124705,scipy_fallback
2026-09-03,AMD,Technology,0.05,-0.0019690935572829193,-9.845467786414598e-05,0.007090108985407436,1.3095399055066108,130953.99055066108,6547.699527533055,True,0.48049748556124705,scipy_fallback
2026-09-03,PSX,Energy,0.05,-0.005583945863681827,-0.0002791972931840914,0.007090108985407436,1.3095399055066108,130953.99055066108,6547.699527533055,True,0.48049748556124705,scipy_fallback
2026-09-03,PM,ConsumerStaples,0.05,-0.009417921940342522,-0.0004708960970171261,0.007090108985407436,1.3095399055066108,130953.99055066108,6547.699527533055,True,0.48049748556124705,scipy_fallback
2026-09-04,MPC,Energy,0.23114200528633472,0.0030693107416195353,0.0007094466396648266,-0.0022284961434299528,1.3066216008775218,130662.16008775217,30201.513697727125,True,0.5058284083765956,scipy_fallback
2026-09-04,AMGN,Healthcare,0.20335346989250605,-0.015513789531230948,-0.003154782932357848,-0.0022284961434299528,1.3066216008775218,130662.16008775217,26570.603637494518,True,0.5058284083765956,scipy_fallback
2026-09-04,TRV,Financials,0.20251919926635514,-0.01333011359002445,-0.0026996039303813103,-0.0022284961434299528,1.3066216008775218,130662.16008775217,26461.59603538388,True,0.5058284083765956,scipy_fallback
2026-09-04,JPM,Financials,0.06298532555480409,-0.009445901047388627,-0.0005949531526282376,-0.0022284961434299528,1.3066216008775218,130662.16008775217,8229.798690820999,True,0.5058284083765956,scipy_fallback
2026-09-04,JNJ,Healthcare,0.05000000000000001,-0.01149294894095465,-0.0005746474470477327,-0.0022284961434299528,1.3066216008775218,130662.16008775217,6533.10800438761,True,0.5058284083765956,scipy_fallback
2026-09-04,MU,Technology,0.05,0.06098152223910924,0.0030490761119554622,-0.0022284961434299528,1.3066216008775218,130662.16008775217,6533.108004387609,True,0.5058284083765956,scipy_fallback
2026-09-04,AMD,Technology,0.05,0.04693529351593129,0.0023467646757965644,-0.0022284961434299528,1.3066216008775218,130662.16008775217,6533.108004387609,True,0.5058284083765956,scipy_fallback
2026-09-04,PSX,Energy,0.05,0.0016884970925854503,8.442485462927252e-05,-0.0022284961434299528,1.3066216008775218,130662.16008775217,6533.108004387609,True,0.5058284083765956,scipy_fallback
2026-09-04,PM,ConsumerStaples,0.05,-0.019552019259006626,-0.0009776009629503314,-0.0022284961434299528,1.3066216008775218,130662.16008775217,6533.108004387609,True,0.5058284083765956,scipy_fallback
2026-09-04,KO,ConsumerStaples,0.05,-0.008332400002212359,-0.000416620000110618,-0.0022284961434299528,1.3066216008775218,130662.16008775217,6533.108004387609,True,0.5058284083765956,scipy_fallback
2026-09-08,MPC,Energy,0.21163952790294913,0.02280790757623019,0.004827054791887454,-0.017085906589757234,1.2842967862567694,128429.67862567694,27180.796553065746,True,0.4989316698937449,scipy_fallback
2026-09-08,AMGN,Healthcare,0.21153154096268253,-0.1007707532682871,-0.02131619272281105,-0.017085906589757234,1.2842967862567694,128429.67862567694,27166.927825031536,True,0.4989316698937449,scipy_fallback
2026-09-08,TRV,Financials,0.17752117419646643,-0.009990530295179156,-0.0017735306688455741,-0.017085906589757234,1.2842967862567694,128429.67862567694,22798.987351304997,True,0.4989316698937449,scipy_fallback
2026-09-08,JPM,Financials,0.09930775693790181,-0.014304050505466459,-0.0014205031708243345,-0.017085906589757234,1.2842967862567694,128429.67862567694,12754.063308571569,True,0.4989316698937449,scipy_fallback
2026-09-08,AMD,Technology,0.05000000000000001,0.05898608052877963,0.002949304026438982,-0.017085906589757234,1.2842967862567694,128429.67862567694,6421.4839312838485,True,0.4989316698937449,scipy_fallback
2026-09-08,PSX,Energy,0.05000000000000001,0.015876821391232587,0.0007938410695616296,-0.017085906589757234,1.2842967862567694,128429.67862567694,6421.4839312838485,True,0.4989316698937449,scipy_fallback
2026-09-08,KO,ConsumerStaples,0.05000000000000001,0.0032927995532563425,0.00016463997766281717,-0.017085906589757234,1.2842967862567694,128429.67862567694,6421.4839312838485,True,0.4989316698937449,scipy_fallback
2026-09-08,MU,Technology,0.05,-0.01606352281495027,-0.0008031761407475135,-0.017085906589757234,1.2842967862567694,128429.67862567694,6421.483931283848,True,0.4989316698937449,scipy_fallback
2026-09-08,JNJ,Healthcare,0.05,-0.022199671639166363,-0.0011099835819583183,-0.017085906589757234,1.2842967862567694,128429.67862567694,6421.483931283848,True,0.4989316698937449,scipy_fallback
2026-09-08,PM,ConsumerStaples,0.05,0.012052796597573412,0.0006026398298786706,-0.017085906589757234,1.2842967862567694,128429.67862567694,6421.483931283848,True,0.4989316698937449,scipy_fallback
2026-09-09,TRV,Financials,0.18830595131140077,0.0032543848483224114,0.0006128200347967603,0.00466048107573646,1.2902822271247483,129028.22271247483,24296.78222389186,True,0.43805911163437744,scipy_fallback
2026-09-09,MPC,Energy,0.15494059925285272,0.004198439987580294,0.0006505088076028303,0.00466048107573646,1.2902822271247483,129028.22271247483,19991.710147601392,True,0.43805911163437744,scipy_fallback
2026-09-09,JPM,Financials,0.1530843489231961,0.003394477260343143,0.0005196413413342245,0.00466048107573646,1.2902822271247483,129028.22271247483,19752.201466656355,True,0.43805911163437744,scipy_fallback
2026-09-09,PSX,Energy,0.12873725051451532,0.006328563857975533,0.0008147219107813038,0.00466048107573646,1.2902822271247483,129028.22271247483,16610.73863077855,True,0.43805911163437744,scipy_fallback
2026-09-09,KO,ConsumerStaples,0.12493184999803504,-0.009166995792430743,-0.001145249743272576,0.00466048107573646,1.2902822271247483,129028.22271247483,16119.734565427963,True,0.43805911163437744,scipy_fallback
2026-09-09,JNJ,Healthcare,0.050000000000000044,-0.007580293482219891,-0.0003790146741109949,0.00466048107573646,1.2902822271247483,129028.22271247483,6451.411135623747,True,0.43805911163437744,scipy_fallback
2026-09-09,MU,Technology,0.05000000000000001,0.027502858753766457,0.001375142937688323,0.00466048107573646,1.2902822271247483,129028.22271247483,6451.411135623743,True,0.43805911163437744,scipy_fallback
2026-09-09,AMD,Technology,0.05,0.030371308672751507,0.0015185654336375754,0.00466048107573646,1.2902822271247483,129028.22271247483,6451.411135623742,True,0.43805911163437744,scipy_fallback
2026-09-09,PM,ConsumerStaples,0.05,0.005305099382850509,0.00026525496914252543,0.00466048107573646,1.2902822271247483,129028.22271247483,6451.411135623742,True,0.43805911163437744,scipy_fallback
2026-09-09,ABBV,Healthcare,0.05,0.008561801162729754,0.0004280900581364877,0.00466048107573646,1.2902822271247483,129028.22271247483,6451.411135623742,True,0.43805911163437744,scipy_fallback
2026-09-10,TRV,Financials,0.19478452132872365,0.005361026866403273,0.0010442450520027889,-0.005173286174307955,1.2836072279182087,128360.72279182087,25002.681946413813,True,0.4284530695992808,scipy_fallback
2026-09-10,JPM,Financials,0.15054401317250057,-0.0032420679546322217,-0.0004880739208682952,-0.005173286174307955,1.2836072279182087,128360.72279182087,19323.938342803576,True,0.4284530695992808,scipy_fallback
2026-09-10,MPC,Energy,0.15029133746944567,-0.01757457683448127,-0.002641306657913727,-0.005173286174307955,1.2836072279182087,128360.72279182087,19291.504706927517,True,0.4284530695992808,scipy_fallback
2026-09-10,PSX,Energy,0.1297241169530159,-0.008704613176998333,-0.001129198257803695,-0.005173286174307955,1.2836072279182087,128360.72279182087,16651.481415619823,True,0.4284530695992808,scipy_fallback
2026-09-10,KO,ConsumerStaples,0.12465601107631402,0.0031982193834905193,0.0003986772708928764,-0.005173286174307955,1.2836072279182087,128360.72279182087,16000.935682100895,True,0.4284530695992808,scipy_fallback
2026-09-10,JNJ,Healthcare,0.050000000000000024,-0.0027331904502416737,-0.00013665952251208375,-0.005173286174307955,1.2836072279182087,128360.72279182087,6418.036139591047,True,0.4284530695992808,scipy_fallback
2026-09-10,MU,Technology,0.05000000000000001,-0.048999333926559974,-0.002449966696327999,-0.005173286174307955,1.2836072279182087,128360.72279182087,6418.036139591045,True,0.4284530695992808,scipy_fallback
2026-09-10,PM,ConsumerStaples,0.05000000000000001,0.02186202903351986,0.0010931014516759932,-0.005173286174307955,1.2836072279182087,128360.72279182087,6418.036139591045,True,0.4284530695992808,scipy_fallback
2026-09-10,AMD,Technology,0.05,-0.03358274861315136,-0.001679137430657568,-0.005173286174307955,1.2836072279182087,128360.72279182087,6418.036139591044,True,0.4284530695992808,scipy_fallback
2026-09-10,ABBV,Healthcare,0.05,0.01630065074407505,0.0008150325372037527,-0.005173286174307955,1.2836072279182087,128360.72279182087,6418.036139591044,True,0.4284530695992808,scipy_fallback
2026-09-11,MPC,Energy,0.20996978168615335,0.00894444505362424,0.0018780631752132757,0.009316379969234349,1.2955658005847503,129556.58005847504,27202.96683088265,True,0.43973876625676006,scipy_fallback
2026-09-11,TRV,Financials,0.18060983145192477,0.020785762050233858,0.0037541129804925513,0.009316379969234349,1.2955658005847503,129556.58005847504,23399.192087848976,True,0.43973876625676006,scipy_fallback
2026-09-11,KO,ConsumerStaples,0.15382339839935003,0.005237348397835406,0.0008056267291564333,0.009316379969234349,1.2955658005847503,129556.58005847504,19928.833429592094,True,0.43973876625676006,scipy_fallback
2026-09-11,PSX,Energy,0.10919796698389207,0.003713556221472736,0.0004055127896652068,0.009316379969234349,1.2955658005847503,129556.58005847504,14147.315151771327,True,0.43973876625676006,scipy_fallback
2026-09-11,JPM,Financials,0.09639902147867979,0.007551797279588657,0.0007279858681577025,0.009316379969234349,1.2955658005847503,129556.58005847504,12489.127543761233,True,0.43973876625676006,scipy_fallback
2026-09-11,JNJ,Healthcare,0.05000000000000002,-0.0028910062459346353,-0.0001445503122967318,0.009316379969234349,1.2955658005847503,129556.58005847504,6477.829002923754,True,0.43973876625676006,scipy_fallback
2026-09-11,MU,Technology,0.05000000000000001,-0.0021996536130989286,-0.00010998268065494645,0.009316379969234349,1.2955658005847503,129556.58005847504,6477.829002923753,True,0.43973876625676006,scipy_fallback
2026-09-11,AMD,Technology,0.05,0.024880855098165622,0.0012440427549082812,0.009316379969234349,1.2955658005847503,129556.58005847504,6477.829002923752,True,0.43973876625676006,scipy_fallback
2026-09-11,PM,ConsumerStaples,0.05,0.0067976669499396625,0.00033988334749698315,0.009316379969234349,1.2955658005847503,129556.58005847504,6477.829002923752,True,0.43973876625676006,scipy_fallback
2026-09-11,ABBV,Healthcare,0.05,0.008313706341911864,0.0004156853170955932,0.009316379969234349,1.2955658005847503,129556.58005847504,6477.829002923752,True,0.43973876625676006,scipy_fallback
2026-09-14,KO,ConsumerStaples,0.2269423037922288,0.01200587323925184,0.0027246405319532813,-0.0006669093548010742,1.29470177563258,129470.17756325801,29382.260368594703,True,0.4701689757148379,scipy_fallback
2026-09-14,MPC,Energy,0.20775881243825914,0.0013134128276961476,0.0002728730893233275,-0.0006669093548010742,1.29470177563258,129470.17756325801,26898.570336713026,True,0.4701689757148379,scipy_fallback
2026-09-14,TRV,Financials,0.18837987052020932,0.007595883510699064,0.0014309115522320828,-0.0006669093548010742,1.29470177563258,129470.17756325801,24389.575285595056,True,0.4701689757148379,scipy_fallback
2026-09-14,VLO,Energy,0.06596151043948568,-0.019133243593532634,-0.0012620576470360255,-0.0006669093548010742,1.29470177563258,129470.17756325801,8540.048468940908,True,0.4701689757148379,scipy_fallback
2026-09-14,JPM,Financials,0.06095750280981707,-0.017123784957437937,-0.0010438231696577264,-0.0006669093548010742,1.29470177563258,129470.17756325801,7892.178712599815,True,0.4701689757148379,scipy_fallback
2026-09-14,MU,Technology,0.05,-0.05252956130238706,-0.0026264780651193533,-0.0006669093548010742,1.29470177563258,129470.17756325801,6473.508878162901,True,0.4701689757148379,scipy_fallback
2026-09-14,JNJ,Healthcare,0.05,0.0027864326732758293,0.00013932163366379147,-0.0006669093548010742,1.29470177563258,129470.17756325801,6473.508878162901,True,0.4701689757148379,scipy_fallback
2026-09-14,AMD,Technology,0.05,-0.04401991941131522,-0.0022009959705657613,-0.0006669093548010742,1.29470177563258,129470.17756325801,6473.508878162901,True,0.4701689757148379,scipy_fallback
2026-09-14,PM,ConsumerStaples,0.05,0.01988905631903637,0.0009944528159518185,-0.0006669093548010742,1.29470177563258,129470.17756325801,6473.508878162901,True,0.4701689757148379,scipy_fallback
2026-09-14,ABBV,Healthcare,0.05,0.01808491748906982,0.000904245874453491,-0.0006669093548010742,1.29470177563258,129470.17756325801,6473.508878162901,True,0.4701689757148379,scipy_fallback
2026-09-15,KO,ConsumerStaples,0.21640859912105365,-0.0012384666823859192,-0.00026801483979323567,0.010683988585145016,1.3085343546246055,130853.43546246055,28317.80865860829,True,0.4953733793808008,scipy_fallback
2026-09-15,MPC,Energy,0.17182661299320023,0.036297095945969415,0.006236807057885144,0.010683988585145016,1.3085343546246055,130853.43546246055,22484.10261403891,True,0.4953733793808008,scipy_fallback
2026-09-15,TRV,Financials,0.1583147425480684,-0.00021157670902882675,-3.3495712219066286e-05,0.010683988585145016,1.3085343546246055,130853.43546246055,20716.027946769726,True,0.4953733793808008,scipy_fallback
2026-09-15,PSX,Energy,0.09972796832975102,0.03061540182032263,0.003053211823139737,0.010683988585145016,1.3085343546246055,130853.43546246055,13049.747267639385,True,0.4953733793808008,scipy_fallback
2026-09-15,PM,ConsumerStaples,0.0977444075982312,-0.003848917159246623,-0.0003762101276252281,0.010683988585145016,1.3085343546246055,130853.43546246055,12790.191531471586,True,0.4953733793808008,scipy_fallback
2026-09-15,JPM,Financials,0.05597766940969531,0.006740311651817432,0.00037730693736375356,0.010683988585145016,1.3085343546246055,130853.43546246055,7324.870351440518,True,0.4953733793808008,scipy_fallback
2026-09-15,JNJ,Healthcare,0.05000000000000003,0.0033043138277673023,0.00016521569138836523,0.010683988585145016,1.3085343546246055,130853.43546246055,6542.671773123031,True,0.4953733793808008,scipy_fallback
2026-09-15,ABBV,Healthcare,0.05000000000000001,0.004851662087145048,0.00024258310435725243,0.010683988585145016,1.3085343546246055,130853.43546246055,6542.671773123028,True,0.4953733793808008,scipy_fallback
2026-09-15,MU,Technology,0.05,0.00386345267564403,0.00019317263378220152,0.010683988585145016,1.3085343546246055,130853.43546246055,6542.671773123027,True,0.4953733793808008,scipy_fallback
2026-09-15,AMD,Technology,0.05,0.02186824033732182,0.001093412016866091,0.010683988585145016,1.3085343546246055,130853.43546246055,6542.671773123027,True,0.4953733793808008,scipy_fallback
2026-09-16,KO,ConsumerStaples,0.20632272523541817,-0.009469015292072669,-0.001953673040356282,-0.0012780000821256633,1.306862047611931,130686.2047611931,26963.533917003242,True,0.5212858906330929,scipy_fallback
2026-09-16,MPC,Energy,0.19065058788798436,0.007496877415291037,0.0014292840865493888,-0.0012780000821256633,1.306862047611931,130686.2047611931,24915.401766570965,True,0.5212858906330929,scipy_fallback
2026-09-16,TRV,Financials,0.1542795282017669,0.0025134592797393385,0.000387775311832538,-0.0012780000821256633,1.306862047611931,130686.2047611931,20162.206013036375,True,0.5212858906330929,scipy_fallback
2026-09-16,PSX,Energy,0.1007842633795826,-0.0011323285443783915,-0.0001141208982488512,-0.0012780000821256633,1.306862047611931,130686.2047611931,13171.112880730148,True,0.5212858906330929,scipy_fallback
2026-09-16,PM,ConsumerStaples,0.09365190031015395,-0.01236409195269661,-0.0011579207069795196,-0.0012780000821256633,1.306862047611931,130686.2047611931,12239.011420207624,True,0.5212858906330929,scipy_fallback
2026-09-16,JPM,Financials,0.05431099498509386,-0.010127881374069392,-0.0005500553145167083,-0.0012780000821256633,1.306862047611931,130686.2047611931,7097.6978114061085,True,0.5212858906330929,scipy_fallback
2026-09-16,MU,Technology,0.05,-0.0011319402981931903,-5.659701490965952e-05,-0.0012780000821256633,1.306862047611931,130686.2047611931,6534.310238059656,True,0.5212858906330929,scipy_fallback
2026-09-16,JNJ,Healthcare,0.05,0.00029935093043209626,1.4967546521604814e-05,-0.0012780000821256633,1.306862047611931,130686.2047611931,6534.310238059656,True,0.5212858906330929,scipy_fallback
2026-09-16,AMD,Technology,0.05,0.016461696929830127,0.0008230848464915064,-0.0012780000821256633,1.306862047611931,130686.2047611931,6534.310238059656,True,0.5212858906330929,scipy_fallback
2026-09-16,ABBV,Healthcare,0.05,-0.0020148979701936076,-0.00010074489850968039,-0.0012780000821256633,1.306862047611931,130686.2047611931,6534.310238059656,True,0.5212858906330929,scipy_fallback
2026-09-17,MPC,Energy,0.35656980178579945,0.019423989578961187,0.006926008114059625,0.015658823380196626,1.3273259695977684,132732.59695977683,47328.435788462026,True,0.4906563919439828,scipy_fallback
2026-09-17,TRV,Financials,0.18391623697798856,0.0015042140463485953,0.0002766493870138673,0.015658823380196626,1.3273259695977684,132732.59695977683,24411.67975715816,True,0.4906563919439828,scipy_fallback
2026-09-17,KO,ConsumerStaples,0.08559505841512202,0.0021622260848184194,0.0001850758680367332,0.015658823380196626,1.3273259695977684,132732.59695977683,11361.254390362945,True,0.4906563919439828,scipy_fallback
2026-09-17,PM,ConsumerStaples,0.0712710383350427,-0.006415997826153874,-0.00045727482702536337,0.015658823380196626,1.3273259695977684,132732.59695977683,9459.990006230026,True,0.4906563919439828,scipy_fallback
2026-09-17,PSX,Energy,0.0526478644860473,0.03620143746174209,0.001905928373685914,0.015658823380196626,1.3273259695977684,132732.59695977683,6988.087777619465,True,0.4906563919439828,scipy_fallback
2026-09-17,ABBV,Healthcare,0.05000000000000001,0.005752082556375715,0.0002876041278187858,0.015658823380196626,1.3273259695977684,132732.59695977683,6636.629847988843,True,0.4906563919439828,scipy_fallback
2026-09-17,MU,Technology,0.05,0.05498895135533233,0.0027494475677666166,0.015658823380196626,1.3273259695977684,132732.59695977683,6636.629847988842,True,0.4906563919439828,scipy_fallback
2026-09-17,JNJ,Healthcare,0.05,0.010999709872918428,0.0005499854936459215,0.015658823380196626,1.3273259695977684,132732.59695977683,6636.629847988842,True,0.4906563919439828,scipy_fallback
2026-09-17,AMD,Technology,0.05,0.06359029630335367,0.0031795148151676834,0.015658823380196626,1.3273259695977684,132732.59695977683,6636.629847988842,True,0.4906563919439828,scipy_fallback
2026-09-17,JPM,Financials,0.05,0.0011176892005368977,5.588446002684489e-05,0.015658823380196626,1.3273259695977684,132732.59695977683,6636.629847988842,True,0.4906563919439828,scipy_fallback
2026-09-18,KO,ConsumerStaples,0.22927122904572803,0.002157647588847844,0.0004946865145426969,0.002255633858708888,1.3303199309963367,133031.99309963366,30500.40856035582,True,0.5080432566422686,scipy_fallback
2026-09-18,MPC,Energy,0.21167467767600992,0.0069438412472602185,0.0014698353578471894,0.002255633858708888,1.3303199309963367,133031.99309963366,28159.50425996213,True,0.5080432566422686,scipy_fallback
2026-09-18,TRV,Financials,0.1627297198212593,-0.012833000191071586,-0.002088310525559246,0.002255633858708888,1.3303199309963367,133031.99309963366,21648.258964367087,True,0.5080432566422686,scipy_fallback
2026-09-18,PSX,Energy,0.06879747721582875,-0.003938538368112532,-0.0002709615036438893,0.002255633858708888,1.3303199309963367,133031.99309963366,9152.265514248335,True,0.5080432566422686,scipy_fallback
2026-09-18,PM,ConsumerStaples,0.0683027111870982,-0.009764808127211921,-0.0006669628693103852,0.002255633858708888,1.3303199309963367,133031.99309963366,9086.445803328319,True,0.5080432566422686,scipy_fallback
2026-09-18,JPM,Financials,0.05922418505407572,0.0010306486263114145,6.103932497039614e-05,0.002255633858708888,1.3303199309963367,133031.99309963366,7878.711377445228,True,0.5080432566422686,scipy_fallback
2026-09-18,JNJ,Healthcare,0.05000000000000001,-0.00085119896857766,-4.255994842888301e-05,0.002255633858708888,1.3303199309963367,133031.99309963366,6651.599654981685,True,0.5080432566422686,scipy_fallback
2026-09-18,MU,Technology,0.05,0.039181573189737806,0.0019590786594868904,0.002255633858708888,1.3303199309963367,133031.99309963366,6651.599654981684,True,0.5080432566422686,scipy_fallback
2026-09-18,AMD,Technology,0.05,0.027023023249434175,0.001351151162471709,0.002255633858708888,1.3303199309963367,133031.99309963366,6651.599654981684,True,0.5080432566422686,scipy_fallback
2026-09-18,ABBV,Healthcare,0.05,-0.00022724627335179992,-1.1362313667589997e-05,0.002255633858708888,1.3303199309963367,133031.99309963366,6651.599654981684,True,0.5080432566422686,scipy_fallback
2026-09-21,MPC,Energy,0.37091443100207866,-0.052978439100881736,-0.019650467594481826,-0.018590729560743157,1.3055883129299173,130558.83129299173,48426.15462133641,True,0.5151148498875872,scipy_fallback
2026-09-21,TRV,Financials,0.1535961503995663,-0.00931608104175874,-0.0014309141848245237,-0.018590729560743157,1.3055883129299173,130558.83129299173,20053.333887269964,True,0.5151148498875872,scipy_fallback
2026-09-21,KO,ConsumerStaples,0.11789866082912363,-0.0128045014551611,-0.0015096335741480585,-0.018590729560743157,1.3055883129299173,130558.83129299173,15392.711368859205,True,0.5151148498875872,scipy_fallback
2026-09-21,PSX,Energy,0.05759075776923116,-0.04166515827396966,-0.0023995280375728643,-0.018590729560743157,1.3055883129299173,130558.83129299173,7518.982027628604,True,0.5151148498875872,scipy_fallback
2026-09-21,JNJ,Healthcare,0.050000000000000024,-0.0019259566372089587,-9.629783186044799e-05,-0.018590729560743157,1.3055883129299173,130558.83129299173,6527.94156464959,True,0.5151148498875872,scipy_fallback
2026-09-21,ABBV,Healthcare,0.050000000000000024,0.0019700695108504362,9.850347554252185e-05,-0.018590729560743157,1.3055883129299173,130558.83129299173,6527.94156464959,True,0.5151148498875872,scipy_fallback
2026-09-21,AMD,Technology,0.05000000000000002,0.09949628716069214,0.004974814358034609,-0.018590729560743157,1.3055883129299173,130558.83129299173,6527.941564649589,True,0.5151148498875872,scipy_fallback
2026-09-21,MU,Technology,0.05,0.027721966413599253,0.0013860983206799627,-0.018590729560743157,1.3055883129299173,130558.83129299173,6527.941564649587,True,0.5151148498875872,scipy_fallback
2026-09-21,JPM,Financials,0.05,0.0067778048622326725,0.00033889024311163364,-0.018590729560743157,1.3055883129299173,130558.83129299173,6527.941564649587,True,0.5151148498875872,scipy_fallback
2026-09-21,PM,ConsumerStaples,0.05,-0.006043894704483299,-0.00030219473522416496,-0.018590729560743157,1.3055883129299173,130558.83129299173,6527.941564649587,True,0.5151148498875872,scipy_fallback
2026-09-22,KO,ConsumerStaples,0.1956638015481386,0.017102821588558692,0.0033464030892169684,-0.008496390649262898,1.2944955245961527,129449.55245961527,25328.591542953516,True,0.46752278744676046,scipy_fallback
2026-09-22,MPC,Energy,0.17794390483300276,-0.03156223483502851,-0.005616307311801199,-0.008496390649262898,1.2944955245961527,129449.55245961527,23034.758843548578,True,0.46752278744676046,scipy_fallback
2026-09-22,TRV,Financials,0.1493028155115782,-0.024573586067413777,-0.0036689055870809677,-0.008496390649262898,1.2944955245961527,129449.55245961527,19327.182648934304,True,0.46752278744676046,scipy_fallback
2026-09-22,PSX,Energy,0.13445700009010045,-0.0189875882357331,-0.0025530141531227555,-0.008496390649262898,1.2944955245961527,129449.55245961527,17405.398486725953,True,0.46752278744676046,scipy_fallback
2026-09-22,JPM,Financials,0.07567398270191301,-0.034200682458469855,-0.002588101852755868,-0.008496390649262898,1.2944955245961527,129449.55245961527,9795.963193599307,True,0.46752278744676046,scipy_fallback
2026-09-22,PM,ConsumerStaples,0.05996861339540709,0.014668231612275706,0.0008796335107508507,-0.008496390649262898,1.2944955245961527,129449.55245961527,7762.910165659137,True,0.46752278744676046,scipy_fallback
2026-09-22,AMD,Technology,0.05698988191985977,0.013403300848415567,0.0007638525326875594,-0.008496390649262898,1.2944955245961527,129449.55245961527,7377.314709252167,True,0.46752278744676046,scipy_fallback
2026-09-22,JNJ,Healthcare,0.05,-0.0010390721714048645,-5.1953608570243226e-05,-0.008496390649262898,1.2944955245961527,129449.55245961527,6472.477622980764,True,0.46752278744676046,scipy_fallback
2026-09-22,INTC,Technology,0.05,0.017079995499296174,0.0008539997749648087,-0.008496390649262898,1.2944955245961527,129449.55245961527,6472.477622980764,True,0.46752278744676046,scipy_fallback
2026-09-22,ABBV,Healthcare,0.05,0.002760059128958936,0.0001380029564479468,-0.008496390649262898,1.2944955245961527,129449.55245961527,6472.477622980764,True,0.46752278744676046,scipy_fallback
2026-09-23,MPC,Energy,0.1619564095530524,-0.0033360393589679793,-0.0005402929567061205,-0.0051091034007712515,1.2878818131091554,128788.18131091553,20858.071437983406,True,0.44047509625374714,scipy_fallback
2026-09-23,PM,ConsumerStaples,0.14064693589457436,0.0032066478686423316,0.00045100519721741155,-0.0051091034007712515,1.2878818131091554,128788.18131091553,18113.663080815157,True,0.44047509625374714,scipy_fallback
2026-09-23,PSX,Energy,0.13584718167108592,-0.0011682677560357346,-0.00015870588209465834,-0.0051091034007712515,1.2878818131091554,128788.18131091553,17495.511463632694,True,0.44047509625374714,scipy_fallback
2026-09-23,KO,ConsumerStaples,0.13511786794491804,-0.005868460319141344,-0.0007929338464417317,-0.0051091034007712515,1.2878818131091554,128788.18131091553,17401.584475234446,True,0.44047509625374714,scipy_fallback
2026-09-23,AMGN,Healthcare,0.11691130253864475,-0.010116015004079548,-0.0011826764906274136,-0.0051091034007712515,1.2878818131091554,128788.18131091553,15056.79402864228,True,0.44047509625374714,scipy_fallback
2026-09-23,TRV,Financials,0.09123460443639964,-0.00447500089358388,-0.00040827493637866024,-0.0051091034007712515,1.2878818131091554,128788.18131091553,11749.938777984695,True,0.44047509625374714,scipy_fallback
2026-09-23,AMD,Technology,0.06828569796132482,-0.014684954218497137,-0.0010027723483401782,-0.0051091034007712515,1.2878818131091554,128788.18131091553,8794.390849985515,True,0.44047509625374714,scipy_fallback
2026-09-23,MU,Technology,0.05,-0.022150077123588074,-0.0011075038561794038,-0.0051091034007712515,1.2878818131091554,128788.18131091553,6439.409065545777,True,0.44047509625374714,scipy_fallback
2026-09-23,JNJ,Healthcare,0.05,-7.425615175371547e-05,-3.712807587685774e-06,-0.0051091034007712515,1.2878818131091554,128788.18131091553,6439.409065545777,True,0.44047509625374714,scipy_fallback
2026-09-23,JPM,Financials,0.05,-0.007264709472656228,-0.0003632354736328114,-0.0051091034007712515,1.2878818131091554,128788.18131091553,6439.409065545777,True,0.44047509625374714,scipy_fallback
2026-09-24,MPC,Energy,0.1528147245927154,0.006617249322591112,0.0010112131327930933,0.0038619221194604895,1.2928555123704524,129285.55123704523,19756.735906106464,True,0.39986850214988723,scipy_fallback
2026-09-24,PSX,Energy,0.1477821480024494,-0.002378414858899669,-0.0003514872566891357,0.0038619221194604895,1.2928555123704524,129285.55123704523,19106.096467491276,True,0.39986850214988723,scipy_fallback
2026-09-24,PM,ConsumerStaples,0.1398732476013899,0.003458413722356335,0.0004837395588951921,0.0038619221194604895,1.2928555123704524,129285.55123704523,18083.589919461407,True,0.39986850214988723,scipy_fallback
2026-09-24,KO,ConsumerStaples,0.12576105998474435,0.00011354451863176962,1.4279479018588902e-05,0.0038619221194604895,1.2928555123704524,129285.55123704523,16259.087964282784,True,0.39986850214988723,scipy_fallback
2026-09-24,AMGN,Healthcare,0.11284170486904418,-0.0001230953567424864,-1.3890289916285358e-05,0.0038619221194604895,1.2928555123704524,129285.55123704523,14588.802016522348,True,0.39986850214988723,scipy_fallback
2026-09-24,TRV,Financials,0.10498445928750638,0.005549543324475881,0.0005826158052126909,0.0038619221194604895,1.2928555123704524,129285.55123704523,13572.973690308396,True,0.39986850214988723,scipy_fallback
2026-09-24,AMD,Technology,0.06594265566215042,0.02383629417553723,0.0015718285390791734,0.0038619221194604895,1.2928555123704524,129285.55123704523,8525.43258731578,True,0.39986850214988723,scipy_fallback
2026-09-24,ABBV,Healthcare,0.05000000000000003,0.00015093008506306127,7.546504253153068e-06,0.0038619221194604895,1.2928555123704524,129285.55123704523,6464.2775618522655,True,0.39986850214988723,scipy_fallback
2026-09-24,MU,Technology,0.05,0.008069955941577778,0.0004034977970788889,0.0038619221194604895,1.2928555123704524,129285.55123704523,6464.277561852262,True,0.39986850214988723,scipy_fallback
2026-09-24,JPM,Financials,0.05,0.0030515769947025984,0.00015257884973512992,0.0038619221194604895,1.2928555123704524,129285.55123704523,6464.277561852262,True,0.39986850214988723,scipy_fallback
2026-09-25,PSX,Energy,0.18488226986952408,-0.00046896908382143554,-8.67040687155381e-05,0.002944845265781596,1.2966627718053962,129666.27718053962,23972.995650669036,True,0.435650491315783,scipy_fallback
2026-09-25,MPC,Energy,0.16340830028153855,0.0065736711251966895,0.00107419242517822,0.002944845265781596,1.2966627718053962,129666.27718053962,21188.545957906827,True,0.435650491315783,scipy_fallback
2026-09-25,PM,ConsumerStaples,0.1503079489718528,-0.005326393067681123,-0.0008005992174210447,0.002944845265781596,1.2966627718053962,129666.27718053962,19489.87217382267,True,0.435650491315783,scipy_fallback
2026-09-25,KO,ConsumerStaples,0.13240500615425593,-0.003291724410330543,-0.00043584079080793005,0.002944845265781596,1.2966627718053962,129666.27718053962,17168.464228088804,True,0.435650491315783,scipy_fallback
2026-09-25,AMGN,Healthcare,0.10027198833844073,0.02110623738126649,0.0021163643885627153,0.002944845265781596,1.2966627718053962,129666.27718053962,13001.89543333609,True,0.435650491315783,scipy_fallback
2026-09-25,TRV,Financials,0.06872448638438793,0.0017936308126893508,0.00012326635636528794,0.002944845265781596,1.2966627718053962,129666.27718053962,8911.248300608266,True,0.435650491315783,scipy_fallback
2026-09-25,MU,Technology,0.05000000000000001,0.001619575534739015,8.097877673695077e-05,0.002944845265781596,1.2966627718053962,129666.27718053962,6483.313859026982,True,0.435650491315783,scipy_fallback
2026-09-25,JPM,Financials,0.05000000000000001,0.013291587997549037,0.000664579399877452,0.002944845265781596,1.2966627718053962,129666.27718053962,6483.313859026982,True,0.435650491315783,scipy_fallback
2026-09-25,JNJ,Healthcare,0.05,0.0019950072393000173,9.975036196500087e-05,0.002944845265781596,1.2966627718053962,129666.27718053962,6483.313859026981,True,0.435650491315783,scipy_fallback
2026-09-25,AMD,Technology,0.05,0.0021771526808096464,0.00010885763404048233,0.002944845265781596,1.2966627718053962,129666.27718053962,6483.313859026981,True,0.435650491315783,scipy_fallback
2026-09-28,PM,ConsumerStaples,0.17488614955621243,0.017219649584560903,0.0030114782125510893,-0.0042824275214725024,1.291109907465348,129110.99074653481,22579.724037049244,True,0.44044053667587146,scipy_fallback
2026-09-28,PSX,Energy,0.16524578484475705,-0.008602138605052545,-0.0014214671451352914,-0.0042824275214725024,1.291109907465348,129110.99074653481,21335.04699799531,True,0.44044053667587146,scipy_fallback
2026-09-28,MPC,Energy,0.15675389736603101,-0.010367927135014887,-0.0016252129860206115,-0.0042824275214725024,1.291109907465348,129110.99074653481,20238.650992308896,True,0.44044053667587146,scipy_fallback
2026-09-28,KO,ConsumerStaples,0.12275342420129007,-0.007174550403529878,-0.0008807006291380399,-0.0042824275214725024,1.291109907465348,129110.99074653481,15848.816216158224,True,0.44044053667587146,scipy_fallback
2026-09-28,AMGN,Healthcare,0.11758776165578251,0.008489953584367438,0.0009983146385472547,-0.0042824275214725024,1.291109907465348,129110.99074653481,15181.872407045475,True,0.44044053667587146,scipy_fallback
2026-09-28,AMD,Technology,0.06277298237592693,-0.036090908439813885,-0.0022655339594236296,-0.0042824275214725024,1.291109907465348,129110.99074653481,8104.681946670695,True,0.44044053667587146,scipy_fallback
2026-09-28,TRV,Financials,0.05000000000000002,0.00033052863145432987,1.65264315727165e-05,-0.0042824275214725024,1.291109907465348,129110.99074653481,6455.549537326742,True,0.44044053667587146,scipy_fallback
2026-09-28,JNJ,Healthcare,0.05000000000000001,0.002691582416645133,0.00013457912083225668,-0.0042824275214725024,1.291109907465348,129110.99074653481,6455.549537326741,True,0.44044053667587146,scipy_fallback
2026-09-28,MU,Technology,0.05,-0.026148545720196537,-0.0013074272860098268,-0.0042824275214725024,1.291109907465348,129110.99074653481,6455.54953732674,True,0.44044053667587146,scipy_fallback
2026-09-28,JPM,Financials,0.05,-0.01885967838496838,-0.0009429839192484191,-0.0042824275214725024,1.291109907465348,129110.99074653481,6455.54953732674,True,0.44044053667587146,scipy_fallback
2026-09-29,PM,ConsumerStaples,0.19292277513518688,0.0007225402230464084,0.00013939446497691002,-0.00046599233596544094,1.2905082601435802,129050.82601435803,24896.843488178118,True,0.40865468019744494,scipy_fallback
2026-09-29,PSX,Energy,0.18466903585503577,-0.005127205821774061,-0.0009468361557373422,-0.00046599233596544094,1.2905082601435802,129050.82601435803,23831.691616367465,True,0.40865468019744494,scipy_fallback
2026-09-29,VLO,Energy,0.1740346636758158,-0.004748841206289156,-0.0008264629821863887,-0.00046599233596544094,1.2905082601435802,129050.82601435803,22459.31710249502,True,0.40865468019744494,scipy_fallback
2026-09-29,AMGN,Healthcare,0.1442306051732441,0.013177743049483492,0.0019006338548445151,-0.00046599233596544094,1.2905082601435802,129050.82601435803,18613.07873415789,True,0.40865468019744494,scipy_fallback
2026-09-29,AMD,Technology,0.05414292016071739,-0.0004935064987224846,-2.6719882959126664e-05,-0.00046599233596544094,1.2905082601435802,129050.82601435803,6987.1885695700175,True,0.40865468019744494,scipy_fallback
2026-09-29,TRV,Financials,0.05000000000000002,0.0001376467465157294,6.882337325786472e-06,-0.00046599233596544094,1.2905082601435802,129050.82601435803,6452.541300717903,True,0.40865468019744494,scipy_fallback
2026-09-29,KO,ConsumerStaples,0.05000000000000002,-0.0039000225521330645,-0.00019500112760665328,-0.00046599233596544094,1.2905082601435802,129050.82601435803,6452.541300717903,True,0.40865468019744494,scipy_fallback
2026-09-29,MU,Technology,0.05,0.01053148616826749,0.0005265743084133745,-0.00046599233596544094,1.2905082601435802,129050.82601435803,6452.541300717901,True,0.40865468019744494,scipy_fallback
2026-09-29,JNJ,Healthcare,0.05,-0.016105919052057494,-0.0008052959526028748,-0.00046599233596544094,1.2905082601435802,129050.82601435803,6452.541300717901,True,0.40865468019744494,scipy_fallback
2026-09-29,JPM,Financials,0.05,-0.004783224008672815,-0.00023916120043364076,-0.00046599233596544094,1.2905082601435802,129050.82601435803,6452.541300717901,True,0.40865468019744494,scipy_fallback
